k2id,jmag,jmag_er,hmag,hmag_er,kmag,kamg_er,vmag,plx,plx_er,bprp,ruwe,gof_al,d,mass,mass_er,teff,teff_er
210991540,13.583,0.019,13.006,0.024,12.749,0.022,18.24,8.084,0.089,2.9042673,1.1157457,2.305743,2.7364674,0.2494,0.0038,3159.0,42.0
211016313,13.135,0.019,12.486,0.019,12.254,0.018,17.59,7.168,0.051,2.8502302,1.0598495,1.3129764,1.2522348,0.3522,0.0036,3220.0,42.0
211029135,13.984,0.023,13.369,0.026,13.056,0.027,18.89,7.275,0.09,3.2413683,1.0421113,0.8915689,0.7802931,0.2404,0.0044,3086.0,43.0
211037397,13.456,0.021,12.825,0.022,12.54,0.021,18.03,7.256,0.076,3.1520405,1.0198,0.43253118,0.49396998,0.3066,0.0043,3184.0,42.0
210946764,9.897,0.013,9.522,0.014,9.425,0.018,11.441,7.557,0.019,0.9996071,1.04441,0.92563033,19.72559,0.9868,0.003,5044.0,77.0
211002011,10.259,0.016,9.787,0.019,9.669,0.011,12.09,7.941,0.014,1.1512814,0.8459248,-3.235591,5.7821746,0.8439,0.0039,4727.0,77.0
210997742,14.158,0.023,13.525,0.027,13.292,0.033,18.7,7.228,0.082,3.0366163,0.96708107,-0.68529415,1.3137939e-15,0.2162,0.0042,3193.0,43.0
210989751,14.899,0.031,14.27,0.044,13.926,0.042,nan,7.225,0.181,3.5191135,0.9782551,-0.4066651,1.4105458e-15,0.1608,0.005,nan,nan
210943453,12.403,0.02,11.798,0.013,11.566,0.018,16.18,7.139,0.036,2.444869,1.1119909,2.184007,2.695983,0.464,0.0035,3450.0,43.0
211051561,14.083,0.026,13.504,0.026,13.185,0.027,19.14,7.419,0.098,3.374771,1.0343736,0.81440187,1.7323917,0.2215,0.0042,3044.0,43.0
210990525,8.831,0.019,8.599,0.019,8.541,0.014,9.85,7.533,0.019,0.7007408,1.1501563,3.065714,15.735787,1.1868,0.003,nan,nan
210966931,12.87,0.019,12.244,0.02,12.023,0.019,16.88,7.153,0.044,2.672079,1.0524058,1.1216718,1.0526253,0.3888,0.0037,3366.0,43.0
210964488,14.152,0.023,13.571,0.031,13.271,0.032,19.45,7.102,0.122,3.2268066,0.8975878,-2.1997879,5.7132354,0.2224,0.0052,2981.0,42.0
210817078,12.826,0.02,12.22,0.017,11.959,0.019,17.54,11.112,0.044,3.0172968,1.0527823,1.1815308,0.85912585,0.2614,0.0026,3142.0,42.0
211051975,14.004,0.022,13.401,0.023,13.079,0.028,19.08,7.318,0.094,3.2489004,0.99358135,-0.08677947,0.0,0.2363,0.0044,3039.0,42.0
210977505,11.346,0.023,10.703,0.03,10.563,0.025,14.189,7.137,0.062,1.7697496,3.6502388,40.845703,102.343254,0.6256,0.0048,3868.0,76.0
211065162,10.468,0.018,10.026,0.021,9.903,0.018,12.283,7.034,0.014,1.1977539,1.1092664,2.2329075,8.950961,0.8537,0.0062,4743.0,77.0
211010818,14.223,0.023,13.642,0.027,13.273,0.029,nan,7.493,0.125,3.3112183,1.0043994,0.12537147,0.0,0.2102,0.0046,nan,nan
210940129,13.87,0.023,13.284,0.021,12.919,0.023,19.14,--,--,3.3665743,nan,122.8261,2125.5673093584146,nan,nan,2988.0,42.0
211013159,13.435,0.02,12.77,0.019,12.55,0.02,17.83,7.99,0.08,3.010007,0.99770606,-0.012957451,0.3959222,0.2772,0.0038,3239.0,42.0
210960579,8.141,0.013,7.946,0.009,7.902,0.023,9.17,7.514,0.083,0.68768597,2.289574,21.475082,360.34845,1.4249,0.0177,nan,nan
211013046,13.666,0.022,13.061,0.019,12.81,0.022,18.19,6.922,0.093,2.98246,1.0305912,0.6319317,0.0,0.2839,0.0048,3199.0,43.0
210956678,13.956,0.023,13.363,0.024,13.072,0.023,19.25,7.418,0.116,3.3530045,0.9769417,-0.40406278,0.0,0.2338,0.0046,2982.0,42.0
211025925,12.976,0.022,12.341,0.021,12.068,0.02,17.19,7.531,0.051,2.7755547,1.1183434,2.4235172,2.1900606,0.3642,0.0038,3297.0,43.0
210969800,9.018,0.025,8.775,0.021,8.696,0.015,10.13,7.388,0.016,0.74436855,0.8698339,-2.6635008,4.2068143,1.1609,0.005,nan,nan
211008438,11.899,0.017,11.247,0.021,11.036,0.017,15.156,7.413,0.025,2.1313496,1.1676027,3.524617,1.4677532,0.5379,0.003,3665.0,43.0
210803812,13.125,0.017,12.497,0.023,12.214,0.021,nan,7.145,0.052,2.8589773,1.0487051,1.0020244,0.3054602,0.3593,0.004,nan,nan
211081065,13.072,0.019,12.471,0.033,12.201,0.024,nan,7.182,0.057,2.9054127,0.967869,-0.6410105,0.0,0.3596,0.0045,nan,nan
211058468,13.276,0.02,12.655,0.019,12.406,0.017,16.12,7.279,0.06,2.9563942,0.97891575,-0.4269234,0.0,0.3247,0.0036,3868.0,76.0
210946466,12.767,0.015,12.122,0.017,11.893,0.017,16.73,7.102,0.044,2.6199179,1.1068015,1.9942144,2.0285056,0.4121,0.0035,3383.0,42.0
210979439,13.624,0.021,12.982,0.023,12.73,0.022,18.43,7.605,0.085,3.0836725,0.9682968,-0.6648322,0.0,0.2679,0.0041,3115.0,42.0
211063235,12.643,0.023,12.004,0.029,11.83,0.02,16.77,7.271,0.041,2.6416683,1.0578907,1.26622,1.3194447e-15,0.4141,0.0038,3326.0,43.0
211054634,12.675,0.019,12.073,0.019,11.834,0.017,17.18,7.735,0.051,2.9731255,1.0551088,1.1414003,1.1497785,0.3918,0.0035,3205.0,42.0
211049486,14.475,0.028,13.827,0.028,13.502,0.038,19.19,7.11,0.153,3.3081036,1.0817424,1.7832303,1.7539817,0.1991,0.0057,3141.0,43.0
211077682,14.362,0.026,13.7,0.037,13.452,0.04,nan,7.8,0.134,3.465557,0.9772612,-0.42562646,0.0,0.1853,0.0048,nan,nan
210978953,13.921,0.021,13.29,0.024,13.052,0.028,nan,7.401,0.105,3.141098,0.99503756,-0.07362517,0.42319047,0.2366,0.0047,nan,nan
211077833,14.371,0.036,13.812,0.05,13.541,0.035,19.59,7.331,0.123,3.2340565,0.79382396,-4.1924176,0.31691706,0.1894,0.0045,3001.0,43.0
211088075,14.749,0.038,14.049,0.046,13.807,0.049,nan,6.774,0.201,3.579712,0.9887101,-0.1566434,2.0373225,0.1811,0.0069,nan,nan
211058381,13.649,0.02,13.029,0.027,12.766,0.026,18.33,7.508,0.076,2.947198,0.8909109,-2.3846588,1.3082152e-15,0.2669,0.0043,3151.0,42.0
211070495,13.76,0.026,13.139,0.033,12.831,0.028,18.47,7.744,0.08,3.0651522,1.0323466,0.7125067,1.516047,0.2508,0.0043,3143.0,43.0
211069863,12.618,0.019,11.943,0.033,11.685,0.022,nan,6.713,0.041,2.635684,1.0801526,1.6615225,1.1475592,0.4664,0.0043,nan,nan
211079106,13.441,0.025,12.828,0.029,12.517,0.025,17.9,7.448,0.066,3.0038986,0.97000706,-0.56316686,0.0,0.302,0.0043,3219.0,43.0
211095259,10.082,0.015,9.659,0.027,9.556,0.019,11.863,7.365,0.035,1.1079693,1.7613467,13.752995,66.69592,0.9618,0.0123,4779.0,77.0
211036360,11.949,0.015,11.268,0.019,11.057,0.015,14.294,7.488,0.028,2.1775074,1.0477535,1.0057884,0.8726903,0.5309,0.0028,4240.0,76.0
211044536,9.585,0.015,9.241,0.019,9.148,0.015,10.9,7.499,0.019,0.9111519,0.9385416,-1.2920165,7.7589993,1.0332,0.0025,5320.0,77.0
210872505,12.185,0.018,11.519,0.021,11.295,0.02,nan,7.59,0.025,2.4416447,1.0194958,0.46838033,0.0,0.4869,0.0035,nan,nan
211029757,15.037,0.037,14.401,0.041,14.038,0.046,nan,7.561,0.228,3.2688656,1.0336248,0.7178275,2.5080533,0.1464,0.0051,nan,nan
210888723,13.45,0.021,12.791,0.023,12.487,0.024,nan,7.335,0.06,3.0647564,0.99651676,-0.053109284,0.29794276,0.3108,0.0042,nan,nan
211028209,9.531,0.017,9.192,0.021,9.123,0.015,11.007,7.563,0.017,0.8932123,1.0724381,1.4261699,7.0294414,1.0342,0.0025,5124.0,78.0
210854098,14.616,0.027,13.996,0.036,13.706,0.046,nan,7.484,0.16,3.5184326,1.0394826,0.81787807,0.75101864,0.1717,0.0052,nan,nan
211039307,10.735,0.015,10.209,0.021,10.083,0.017,12.735,7.522,0.018,1.3631744,1.1481409,3.121276,6.5794706,0.6803,0.0026,4555.0,76.0
211078393,13.839,0.029,13.224,0.033,12.944,0.028,18.7,7.249,0.082,3.180622,1.0101063,0.2417788,0.66290647,0.2544,0.0045,3099.0,43.0
211046948,12.915,0.017,12.277,0.021,12.003,0.02,17.23,7.5,0.048,2.7386227,1.0471059,0.9636875,0.25298434,0.3757,0.0038,3265.0,42.0
211053922,14.635,0.027,14.019,0.029,13.757,0.04,nan,7.602,0.21,3.4947357,1.036338,0.72768056,0.8535032,0.1651,0.0054,nan,nan
210865020,12.119,0.018,11.47,0.017,11.239,0.021,14.462,--,--,2.7980347,nan,180.26227,4020.064349395367,nan,nan,4242.0,77.0
211026087,11.451,0.015,10.787,0.019,10.631,0.015,14.084,7.224,0.018,1.7266588,1.0215166,0.4946376,0.0,0.6111,0.0025,4013.0,76.0
211055424,13.691,0.019,13.043,0.026,12.781,0.025,nan,7.412,0.085,3.1227102,0.9455469,-1.0686866,0.0,0.2685,0.0044,nan,nan
211089510,14.28,0.029,13.57,0.031,13.347,0.028,nan,7.417,0.126,3.4147701,0.92650163,-1.5112522,4.398686,0.2051,0.0045,nan,nan
211059880,13.262,0.019,12.629,0.028,12.342,0.022,16.42,7.468,0.063,2.9083538,1.125092,2.4857183,1.291316,0.3259,0.0042,3713.0,43.0
210940436,13.555,0.019,12.857,0.024,12.536,0.024,nan,7.3,0.072,3.300394,0.98250765,-0.36247596,0.587321,0.3054,0.0045,nan,nan
211018106,13.646,0.022,13.082,0.029,12.822,0.023,18.35,7.354,0.065,3.13842,0.97007865,-0.6578988,0.0,0.2655,0.0037,3145.0,43.0
211010041,13.586,0.017,12.926,0.024,12.622,0.02,18.13,7.177,0.072,3.1455584,0.9838054,-0.30799437,1.3580418e-15,0.2986,0.004,3193.0,42.0
211065494,12.402,0.017,11.738,0.028,11.466,0.021,nan,7.331,0.047,3.0001554,1.1819943,3.5356815,4.338105,0.471,0.0042,nan,nan
211046102,9.761,0.015,9.407,0.021,9.313,0.016,11.143,7.45,0.018,0.96062183,0.9286118,-1.3820919,6.9051323,1.0094,0.0027,5237.0,77.0
211067927,13.969,0.021,13.329,0.032,13.064,0.026,18.87,7.86,0.091,3.1697445,0.95180583,-0.97300935,0.0,0.221,0.0038,3087.0,42.0
211041753,14.146,0.025,13.547,0.023,13.189,0.031,nan,7.346,0.102,3.0945377,0.9835673,-0.31812504,0.0,0.2233,0.0046,nan,nan
211088777,14.352,0.029,13.726,0.033,13.43,0.037,nan,7.246,0.105,3.2447472,0.9705496,-0.64160264,0.25388303,0.202,0.0047,nan,nan
211049396,11.71,0.013,11.036,0.017,10.873,0.016,14.636,7.582,0.021,1.8860197,1.0402107,0.834164,0.46353257,0.5564,0.0028,3816.0,75.0
211002985,14.081,0.02,13.485,0.03,13.162,0.027,19.1,7.382,0.094,3.2460575,0.9410097,-1.167539,0.0,0.2251,0.0042,3054.0,42.0
211005163,14.145,0.023,13.491,0.033,13.194,0.032,19.63,7.55,0.18,3.4955597,1.2290251,4.264158,4.7856903,0.2166,0.0063,2936.0,42.0
211084813,15.202,0.044,14.814,0.075,14.395,0.075,nan,7.162,0.246,3.6220531,1.0075848,0.2011483,0.7726143,0.1322,0.0058,nan,nan
211071863,14.078,0.027,13.5,0.037,13.252,0.036,18.8,7.273,0.108,3.0911226,1.0468141,0.93058026,0.049833022,0.219,0.0051,3139.0,43.0
211030680,11.138,0.016,10.489,0.019,10.298,0.013,14.02,7.486,0.029,1.8508358,1.8494896,15.460999,15.530167,0.6499,0.0023,3843.0,76.0
211063081,14.244,0.026,13.568,0.033,13.25,0.028,nan,5.773,0.109,3.1014214,0.9699752,-0.5765429,0.0,0.2779,0.0064,nan,nan
210998478,12.747,0.017,12.168,0.023,11.902,0.018,16.83,7.485,0.046,2.6748362,1.141276,2.9554257,2.0042653,0.3923,0.0036,3341.0,42.0
211046046,11.722,0.018,11.018,0.019,10.841,0.013,14.804,7.327,0.021,1.9494696,0.98458207,-0.28920987,0.0,0.5734,0.0023,3751.0,43.0
211074799,15.033,0.047,14.465,0.051,14.034,0.06,nan,7.055,0.22,3.7866192,1.0482017,1.0282716,3.493816,0.1568,0.0064,nan,nan
211077349,12.512,0.019,11.841,0.026,11.61,0.022,16.38,7.374,0.036,2.537527,1.0553981,1.1756898,0.81935346,0.4451,0.004,3416.0,43.0
211059979,12.025,0.018,11.38,0.021,11.108,0.022,15.98,7.129,0.071,2.7090015,0.9305524,-1.4286106,24.474705,0.54,0.005,3385.0,42.0
211098454,12.528,0.021,11.882,0.03,11.614,0.019,16.28,7.22,0.035,2.5035162,1.0722638,1.6205403,0.0,0.452,0.0036,3459.0,43.0
211038660,12.196,0.016,11.515,0.023,11.273,0.017,nan,7.259,0.03,2.349576,1.1159865,2.4990175,2.0374708,0.5065,0.0032,nan,nan
211069615,12.005,0.021,11.389,0.027,11.174,0.019,16.06,7.476,0.041,2.507063,1.5789093,10.550435,9.699298,0.5123,0.0037,3351.0,43.0
211084148,14.501,0.032,13.909,0.037,13.625,0.035,19.83,7.231,0.129,3.4577827,1.0448145,0.98319846,1.3637798,0.1846,0.0045,2973.0,43.0
210832378,13.649,0.021,13.064,0.023,12.794,0.022,18.54,8.163,0.085,3.1062698,1.0003763,0.043008585,0.5539268,0.2417,0.0036,3090.0,42.0
211013627,13.868,0.023,13.296,0.023,13.057,0.029,18.74,7.248,0.099,3.2087088,1.0374994,0.7661498,1.09106,0.2412,0.0048,3096.0,43.0
211071431,13.813,0.024,13.217,0.031,12.971,0.034,18.66,7.32,0.078,3.1169596,0.99574137,-0.054808058,0.0,0.2487,0.0048,3103.0,43.0
211106429,11.586,0.019,10.923,0.027,10.711,0.022,14.522,7.368,0.019,1.9059258,1.1203123,2.6426108,0.0,0.5921,0.0036,3810.0,76.0
210905362,8.797,0.013,8.604,0.025,8.526,0.017,9.84,7.844,0.02,0.7112541,1.0946826,2.01815,13.265229,1.1722,0.0039,nan,nan
211055359,14.299,0.023,13.752,0.033,13.451,0.037,19.63,7.238,0.108,3.3021965,1.0018151,0.07018343,0.022340294,0.2002,0.0047,2973.0,42.0
210994935,11.55,0.016,10.88,0.023,10.715,0.019,14.472,7.391,0.017,1.8353577,0.98453134,-0.2877982,0.0,0.5904,0.0031,3818.0,76.0
211078992,13.241,0.021,12.672,0.033,12.387,0.025,nan,7.572,0.055,2.8948317,0.98980755,-0.17322388,0.0,0.3151,0.0042,nan,nan
210974364,12.699,0.017,12.126,0.023,11.856,0.019,17.03,7.178,0.042,2.9178953,1.0479097,1.022284,2.7285714e-15,0.4144,0.0037,3259.0,42.0
210988354,11.797,0.016,11.085,0.021,10.92,0.017,15.062,7.211,0.02,2.1069384,1.0311948,0.6967064,0.0,0.5664,0.0029,3662.0,43.0
210862226,13.336,0.019,12.686,0.023,12.426,0.025,17.79,7.478,0.08,3.0169506,1.055023,1.2275518,14.497948,0.3134,0.0048,3221.0,42.0
211075627,14.388,0.033,13.698,0.035,13.417,0.035,nan,7.487,0.122,3.3666992,1.0890057,1.8347621,1.625102,0.1965,0.0046,nan,nan
211025007,13.21,0.018,12.538,0.019,12.285,0.016,nan,7.456,0.071,2.8447046,1.0383351,0.80427384,0.2368131,0.3347,0.0039,nan,nan
211063744,12.036,0.021,11.332,0.026,11.149,0.017,nan,7.354,0.038,2.4971094,1.4341736,8.60148,9.593342,0.5223,0.0034,nan,nan
211066186,13.975,0.022,13.35,0.04,13.081,0.026,18.98,7.166,0.092,3.255332,1.1185441,2.4825997,2.3545005,0.2412,0.0044,3058.0,42.0
211064722,13.567,0.021,12.963,0.026,12.679,0.026,17.97,7.361,0.063,2.9095945,1.0475366,1.0102404,2.741233e-15,0.2836,0.0042,3237.0,43.0
211076650,11.331,0.021,10.678,0.032,10.471,0.026,14.568,6.821,0.021,1.9044437,1.0886706,1.8028281,0.32693845,0.6543,0.004,3675.0,43.0
211023167,12.277,0.019,11.672,0.024,11.447,0.023,16.63,--,--,2.88659,nan,205.63432,12298.473663096449,nan,nan,3252.0,42.0
211008237,13.845,0.019,13.266,0.025,12.954,0.026,18.68,7.646,0.086,3.2424612,1.0118152,0.27766076,0.0,0.2397,0.0041,3106.0,42.0
211062604,14.191,0.029,13.488,0.035,13.227,0.023,nan,7.302,0.094,3.1482334,0.99530447,-0.068549365,0.0,0.2207,0.0038,nan,nan
211053031,14.305,0.025,13.701,0.028,13.389,0.027,19.73,7.091,0.118,3.4975414,0.98347014,-0.32943133,0.0,0.2106,0.0045,2950.0,42.0
211038211,13.638,0.018,13.037,0.023,12.757,0.02,nan,7.411,0.095,3.077446,1.0497593,1.034651,1.5615431,0.2716,0.0043,nan,nan
211074858,12.652,0.022,12.018,0.031,11.738,0.025,nan,6.929,0.107,2.797762,3.040918,36.14578,69.44073,0.4463,0.0069,nan,nan
211010807,13.498,0.023,12.85,0.025,12.557,0.023,18.64,7.319,0.075,3.3351288,0.9722538,-0.56815827,0.34197345,0.3017,0.0044,3021.0,42.0
211095624,8.514,0.009,8.325,0.027,8.263,0.013,9.46,7.271,0.021,0.6564312,1.0204512,0.45206943,8.986388,1.2708,0.0077,nan,nan
211069418,12.044,0.019,11.44,0.027,11.209,0.021,16.16,7.328,0.553,2.728898,22.113962,223.23837,3479.8987,0.5137,0.0272,3330.0,42.0
211078565,13.845,0.026,13.263,0.036,12.979,0.025,18.72,7.536,0.089,3.1783934,1.0597413,1.337103,1.3168654,0.2404,0.0041,3095.0,43.0
210822528,13.876,0.023,13.184,0.023,12.946,0.023,nan,6.563,0.095,3.33251,1.0627252,1.2475905,1.8372109,0.2812,0.0051,nan,nan
210995339,10.28,0.016,9.85,0.023,9.713,0.017,12.183,7.734,0.05,1.1800528,3.241516,36.79629,205.39073,0.8483,0.0073,4652.0,77.0
210965155,11.453,0.018,10.744,0.021,10.587,0.017,14.016,7.452,0.017,1.70574,1.0982671,2.0147858,0.30146354,0.6075,0.0027,4065.0,76.0
211079830,14.25,0.03,13.59,0.028,13.256,0.034,19.44,7.469,0.107,3.2893753,1.0231262,0.54495984,0.82560456,0.2127,0.0047,3009.0,43.0
211106743,10.275,0.019,9.808,0.028,9.727,0.017,11.979,7.422,0.017,1.1234035,0.9533442,-0.98875487,8.333691,0.8735,0.0059,4863.0,78.0
210989020,11.676,0.015,10.997,0.014,10.785,0.013,nan,7.643,0.155,2.2963095,8.485833,99.01693,575.10614,0.5678,0.0073,nan,nan
210876759,14.02,0.018,13.385,0.026,13.071,0.026,19.02,7.661,0.102,3.188631,0.98482674,-0.30056524,0.09544018,0.2262,0.0042,3060.0,42.0
210957162,14.739,0.03,14.147,0.036,13.789,0.041,nan,7.324,0.191,3.4810638,0.87113947,-2.814279,0.0,0.1689,0.0054,nan,nan
211108136,12.269,0.02,11.635,0.027,11.421,0.021,16.33,7.68,0.07,2.6329975,2.3706741,25.542553,43.26561,0.4617,0.0048,3349.0,43.0
211071351,14.105,0.029,13.465,0.04,13.197,0.033,19.0,7.294,0.108,3.3752003,1.1470174,3.3294249,3.3795435,0.2241,0.0049,3089.0,43.0
211111400,12.54,0.02,11.931,0.026,11.674,0.021,16.87,7.279,0.043,2.963293,1.1202147,2.7539454,3.3925214,0.4392,0.0041,3260.0,42.0
211105839,12.178,0.02,11.536,0.028,11.28,0.019,nan,7.218,0.032,2.432414,1.0124867,0.29420507,0.0,0.5074,0.0035,nan,nan
211053678,13.305,0.017,12.677,0.017,12.389,0.019,nan,7.267,0.066,2.9643745,1.0550666,1.0871345,0.6644898,0.3277,0.004,nan,nan
210988056,13.633,0.018,13.045,0.023,12.762,0.022,nan,7.564,0.075,3.0729485,1.0582237,1.1670245,0.42528915,0.2654,0.0038,nan,nan
210966700,9.639,0.016,9.16,0.017,9.026,0.018,11.62,4.684,0.599,1.2137003,22.253006,180.2021,11725.924,1.3729,0.1445,4574.0,77.0
211092430,14.109,0.029,13.509,0.036,13.252,0.034,18.93,7.585,0.109,3.2672653,1.0291365,0.6732369,1.1680404,0.2097,0.0046,3110.0,43.0
211015853,9.101,0.015,8.722,0.014,8.655,0.015,10.72,7.18,0.028,0.95835876,1.6050472,12.763051,42.866486,1.1849,0.0035,4958.0,77.0
211055772,15.424,0.048,14.736,0.056,14.236,0.07,nan,7.353,0.391,3.3844967,1.1042078,1.9635249,2.496063,0.138,0.0079,nan,nan
210995008,13.805,0.018,13.188,0.024,12.914,0.025,nan,7.526,0.074,3.1049414,0.97739536,-0.47107476,0.0,0.2483,0.0039,nan,nan
210983198,13.16,0.015,12.516,0.021,12.269,0.019,nan,6.611,0.059,2.7845402,1.113003,2.1117883,2.4115324,0.377,0.0042,nan,nan
211093040,12.327,0.021,11.736,0.026,11.471,0.025,15.84,8.187,0.356,2.7507992,3.2360976,39.066643,724.49603,0.4306,0.016,3553.0,43.0
210977779,14.157,0.022,13.563,0.027,13.251,0.031,19.13,7.738,0.106,3.168995,1.0185274,0.36950862,0.16095898,0.2055,0.0042,3067.0,42.0
211105906,14.314,0.029,13.777,0.039,13.446,0.033,11.981,7.579,0.126,3.248804,1.0597987,1.3251892,1.3646867,0.1914,0.0044,nan,nan
211043986,9.527,0.015,9.192,0.012,9.103,0.018,11.06,7.433,0.053,0.8891134,2.9208245,30.939718,150.56856,1.0423,0.0026,5057.0,77.0
211049322,9.865,0.013,9.476,0.017,9.37,0.018,11.862,7.273,0.03,1.057806,1.3708965,6.659699,38.018757,1.0087,0.0032,4558.0,76.0
211014750,13.275,0.019,12.658,0.019,12.375,0.02,18.2,8.026,0.06,3.081997,0.9302586,-1.6021043,0.0,0.2992,0.0035,3081.0,42.0
211030439,11.628,0.018,10.949,0.017,10.736,0.016,14.62,7.235,0.02,1.8890305,1.1825956,3.9261224,1.6909927,0.5943,0.0027,3776.0,76.0
211078780,10.98,0.013,10.477,0.037,10.126,0.025,14.477,7.315,0.082,2.0962038,4.685808,59.68189,133.69742,0.6829,0.0052,3560.0,42.0
211089274,11.516,0.02,10.832,0.027,10.65,0.025,14.297,7.396,0.019,1.8262539,1.0529833,1.2111824,0.0,0.6003,0.004,3909.0,76.0
211042045,12.809,0.017,12.187,0.017,11.882,0.02,nan,7.381,0.061,3.057953,1.1792295,3.518578,3.951463,0.4004,0.0043,nan,nan
211047687,13.159,0.017,12.562,0.023,12.252,0.02,18.13,7.388,0.077,3.1662235,1.1453283,2.80264,4.706571,0.3426,0.0045,3068.0,42.0
211045147,14.52,0.026,13.885,0.034,13.568,0.032,19.49,7.245,0.139,3.311489,0.9533538,-0.9069977,0.0,0.1893,0.0047,3068.0,43.0
211100748,11.798,0.019,11.227,0.031,10.993,0.02,16.0,8.24,0.249,2.3972168,10.146496,122.19663,939.9999,0.5073,0.0113,3301.0,42.0
211099232,14.043,0.023,13.427,0.032,13.138,0.025,18.8,6.856,0.097,3.1797543,1.0279402,0.61516386,0.1147336,0.2457,0.0046,3129.0,43.0
211077607,14.44,0.03,13.863,0.041,13.571,0.034,nan,7.427,0.126,3.267561,0.9560146,-0.9549409,0.0,0.1842,0.0043,nan,nan
211095292,12.384,0.019,11.727,0.028,11.462,0.016,16.8,7.325,0.039,2.505106,1.1733079,3.8084757,3.2051609,0.472,0.0033,3232.0,42.0
211005117,12.671,0.019,11.994,0.019,11.701,0.015,nan,7.184,0.037,2.6872349,1.0226176,0.51632845,0.2861736,0.4394,0.0031,nan,nan
211014883,9.034,0.017,8.682,0.021,8.552,0.016,10.49,--,--,1.0448637,nan,619.73126,102929.28615244477,nan,nan,5148.0,78.0
211035702,11.43,0.015,10.722,0.017,10.586,0.018,13.927,7.242,0.015,1.7170792,1.0401119,0.88752526,0.20734437,0.6173,0.0028,4116.0,76.0
211079794,9.833,0.021,9.429,0.035,9.344,0.016,11.46,7.48,0.025,0.999053,1.5047315,11.063527,61.286427,1.0031,0.0028,4949.0,79.0
211079141,13.255,0.023,12.607,0.033,12.345,0.022,nan,7.259,0.061,3.1174393,1.0665101,1.598729,2.0777285,0.3345,0.0042,nan,nan
211117077,11.47,0.017,10.786,0.028,10.605,0.016,14.263,7.375,0.021,1.8592358,1.1107836,2.0887852,0.32923263,0.6082,0.0026,3901.0,76.0
211091381,11.487,0.017,10.804,0.028,10.643,0.016,14.437,7.601,0.019,1.9089832,1.0858728,1.9235051,0.12655076,0.5921,0.0027,3801.0,76.0
211061316,13.18,0.025,12.557,0.033,12.302,0.024,nan,7.402,0.056,2.9554882,0.9595332,-0.82890886,0.0,0.3346,0.0043,nan,nan
211078145,13.233,0.025,12.607,0.035,12.348,0.02,nan,7.511,0.057,2.9795141,1.0448743,1.0563446,0.93458354,0.3232,0.0037,nan,nan
211056809,8.6,0.031,8.42,0.039,8.308,0.019,9.54,7.333,0.057,0.7352009,3.060309,35.517616,195.79854,1.2451,0.0051,nan,nan
211035968,9.65,0.015,9.274,0.014,9.199,0.018,11.18,7.298,0.015,0.98379326,1.1061329,2.288013,9.011169,1.0345,0.0029,5060.0,77.0
211055493,12.849,0.017,12.295,0.021,12.033,0.02,nan,9.125,0.369,2.961296,2.0396698,17.914988,336.8141,0.3079,0.0126,nan,nan
211096368,9.405,0.019,9.118,0.028,8.953,0.018,10.96,7.387,0.019,0.90413,1.0499159,1.101873,10.639075,1.0623,0.0069,5031.0,78.0
211081593,9.943,0.025,9.494,0.034,9.386,0.018,11.598,7.285,0.02,1.0527544,0.9129053,-1.9430882,22.255161,1.0055,0.003,4917.0,80.0
211006594,12.001,0.018,11.302,0.019,11.128,0.016,nan,7.341,0.03,2.2232628,1.1346939,2.791021,1.1673677,0.5263,0.003,nan,nan
211010854,13.459,0.019,12.779,0.026,12.507,0.022,nan,7.248,0.086,3.0747375,0.99937665,0.01932734,0.180259,0.3116,0.0048,nan,nan
211101750,12.931,0.021,12.321,0.03,12.118,0.024,nan,7.234,0.046,2.748232,1.0643665,1.379666,0.35716715,0.37,0.0043,nan,nan
211081122,12.414,0.023,11.787,0.033,11.516,0.016,nan,7.302,0.038,2.5290985,1.1070453,2.3309631,1.8713589,0.4641,0.0032,nan,nan
211115321,13.952,0.026,13.371,0.039,12.963,0.023,nan,7.343,0.096,2.9750729,1.0472443,0.9364114,1.2824516,0.2488,0.0043,nan,nan
211025716,9.956,0.016,9.512,0.021,9.408,0.02,11.489,7.58,0.02,1.0334635,1.00204,0.07458468,20.175692,0.9885,0.0033,5057.0,77.0
210762863,11.954,0.019,11.253,0.014,11.048,0.013,15.33,6.834,0.022,2.076892,1.1004654,2.1100004,1.1699018,0.5645,0.0024,3612.0,43.0
211056415,13.449,0.019,12.817,0.024,12.575,0.02,nan,7.424,0.063,2.9920635,1.0594523,1.2777146,4.0283985e-15,0.295,0.0037,nan,nan
211066337,9.897,0.031,9.541,0.042,9.416,0.023,nan,7.595,0.02,1.0097103,0.95421356,-0.96960855,19.826008,0.9865,0.0037,nan,nan
211113345,9.53,0.021,9.172,0.031,9.062,0.02,10.96,7.333,0.017,0.88736725,0.97184104,-0.52800983,7.1360145,1.0502,0.0023,5179.0,79.0
211070599,8.697,0.011,8.449,0.035,8.314,0.028,nan,7.138,0.018,1.2813435,1.1756079,3.894962,13.682405,1.265,0.0152,nan,nan
211092630,12.596,0.019,11.926,0.03,11.659,0.021,nan,7.207,0.041,2.6234732,1.1538252,3.2786062,3.535149,0.4452,0.004,nan,nan
211101696,13.36,0.023,12.657,0.026,12.443,0.023,nan,7.293,0.059,2.9260788,1.028139,0.64770275,0.55671257,0.3188,0.0041,nan,nan
211057696,14.347,0.026,13.65,0.03,13.307,0.026,nan,7.843,0.387,3.7332897,2.3931916,25.584646,41.141647,0.1974,0.0103,nan,nan
211114317,9.339,0.019,8.996,0.03,8.9,0.018,10.42,7.509,0.019,0.8706722,1.2359731,4.684877,12.54716,1.071,0.0094,nan,nan
211112974,9.455,0.025,9.027,0.03,8.869,0.02,11.167,7.24,0.097,1.1080551,5.585484,64.4746,630.823,1.1202,0.0112,4854.0,80.0
211080177,14.085,0.028,13.391,0.033,13.136,0.031,11.96,--,--,3.1969318,nan,120.004005,1334.8886893741396,nan,nan,nan,nan
211037018,12.901,0.017,12.249,0.019,11.99,0.017,16.88,7.373,0.042,2.7235603,1.0418881,0.9214515,0.0,0.3836,0.0033,3377.0,42.0
211112685,10.828,0.019,10.197,0.028,10.07,0.02,11.167,7.41,0.018,1.3937836,1.1281407,2.5628312,7.6530485,0.6871,0.0031,nan,nan
211012996,14.46,0.029,13.847,0.033,13.456,0.023,nan,7.165,0.221,3.6247978,1.0718024,1.4457753,2.708861,0.2018,0.0068,nan,nan
211068579,11.012,0.019,10.368,0.031,10.166,0.019,13.759,7.443,0.035,1.7458124,2.2517962,22.77595,29.830044,0.6714,0.0032,3932.0,76.0
211072441,8.083,0.021,7.811,0.027,7.769,0.027,9.06,7.364,0.1,0.6522598,5.4099,67.293304,684.6716,1.5197,0.0222,nan,nan
211118414,12.891,0.019,12.235,0.03,11.949,0.022,nan,7.34,0.068,3.0221949,1.2340636,4.503693,5.1256104,0.3916,0.0047,nan,nan
211112686,11.918,0.019,11.237,0.03,10.999,0.02,nan,7.383,0.026,2.235385,1.0521954,1.0481406,0.0,0.5454,0.0035,nan,nan
211107439,12.54,0.019,11.926,0.031,11.625,0.02,17.23,7.776,0.041,2.7470636,1.0681502,1.3070083,0.0,0.4237,0.0038,3149.0,42.0
211101761,9.835,0.019,9.389,0.027,9.266,0.017,11.456,7.466,0.02,1.0796499,0.9851145,-0.30313876,25.230194,1.0161,0.0028,4955.0,78.0
211095218,13.005,0.019,12.403,0.028,12.101,0.017,19.18,7.066,0.066,3.2110863,1.2607634,5.710297,5.3555026,0.3807,0.0042,2821.0,42.0
211090224,12.374,0.019,11.687,0.027,11.482,0.019,17.66,7.177,0.03,2.3948364,1.0468746,1.0391909,0.0,0.476,0.0035,2984.0,42.0
211117230,10.913,0.021,10.248,0.031,10.015,0.022,14.027,7.503,0.034,2.0092945,2.5674646,27.873991,36.557793,0.6912,0.0036,3735.0,43.0
211079163,13.543,0.025,12.922,0.031,12.616,0.023,nan,8.021,0.101,3.1408844,1.3074578,5.8305984,4.1656985,0.2677,0.0045,nan,nan
211064435,14.471,0.033,13.822,0.044,13.493,0.042,nan,7.233,0.138,3.2905197,0.989104,-0.20533058,0.0,0.1964,0.0055,nan,nan
211074888,10.836,0.019,10.146,0.026,10.025,0.019,13.459,8.011,0.172,1.6693773,5.186329,63.83223,1103.4275,0.6686,0.0075,4020.0,76.0
210754915,10.002,0.013,9.537,0.017,9.418,0.018,11.881,6.924,0.02,1.1937275,1.0556834,1.1866653,20.958296,1.0179,0.003,4677.0,76.0
211038810,13.09,0.017,12.461,0.023,12.175,0.021,17.23,7.249,0.048,2.8237982,1.0818568,1.8325285,1.2089375,0.3605,0.0039,3322.0,42.0
211056297,11.305,0.025,10.609,0.039,10.419,0.025,nan,7.357,0.038,2.4776735,0.9595992,-0.8113642,18.704489,0.6374,0.0041,nan,nan
211064526,11.552,0.019,10.845,0.031,10.654,0.017,14.387,7.328,0.019,1.8219137,1.1517475,3.2828722,0.927096,0.6028,0.0028,3873.0,76.0
211033487,12.582,0.018,11.911,0.021,11.675,0.021,nan,7.196,0.037,2.6189442,1.0963196,2.0519853,1.1963313,0.4431,0.0039,nan,nan
211091449,14.492,0.04,13.861,0.058,13.469,0.04,nan,7.194,0.147,3.3192596,1.0870405,1.8991498,1.5809315,0.1998,0.0057,nan,nan
210996584,11.903,0.019,11.235,0.023,11.036,0.018,nan,7.195,0.033,2.368352,1.3723792,7.046674,6.1971583,0.5485,0.0033,nan,nan
211004119,13.379,0.019,12.77,0.024,12.499,0.021,17.97,9.775,0.496,3.165578,5.590341,64.6903,190.4534,0.2309,0.0124,3178.0,42.0
211097941,12.726,0.021,12.126,0.028,11.881,0.023,16.85,7.422,0.041,2.7471676,1.133611,2.8961065,3.0153081,0.3986,0.0042,3327.0,43.0
211115638,8.783,0.013,8.54,0.035,8.513,0.022,9.96,7.49,0.022,0.7056837,1.1954098,3.8147786,19.498972,1.1949,0.0046,nan,nan
210967650,9.477,0.017,9.14,0.019,9.072,0.018,10.954,7.553,0.019,0.91566277,1.1492659,2.8685637,10.588551,1.0419,0.0021,5122.0,78.0
211088648,14.724,0.033,14.089,0.046,13.758,0.038,nan,7.305,0.184,3.1618252,0.9145,-1.737023,0.5045739,0.1717,0.0053,nan,nan
211065077,13.199,0.023,12.617,0.033,12.334,0.017,nan,7.654,0.06,2.7916002,1.1976473,4.132644,3.5848315,0.3194,0.0035,nan,nan
211077649,13.329,0.021,12.733,0.033,12.427,0.015,nan,7.226,0.074,3.0200386,1.0059536,0.14949475,0.41430113,0.3239,0.0039,nan,nan
211121141,11.069,0.021,10.445,0.033,10.286,0.016,13.496,7.473,0.015,1.562665,0.82991743,-3.525544,0.0,0.6523,0.0025,4172.0,77.0
210911601,13.33,0.017,12.718,0.021,12.423,0.019,nan,7.786,0.063,3.2188215,1.0417204,0.9085222,1.0186375,0.3016,0.0036,nan,nan
211059325,9.312,0.047,8.935,0.055,8.816,0.019,10.84,7.226,0.014,1.0418558,1.1517957,3.5721517,9.507605,1.1382,0.0062,5062.0,93.0
211092628,13.582,0.023,13.023,0.029,12.741,0.021,nan,7.688,0.074,2.9233704,1.0488245,1.0410442,0.3906919,0.2636,0.0037,nan,nan
211059981,12.794,0.025,12.21,0.033,11.914,0.021,nan,--,--,2.9677658,nan,212.56805,7001.871581411039,nan,nan,nan,nan
211091768,9.218,0.021,8.945,0.029,8.866,0.017,10.58,7.397,0.023,0.8318968,1.1424334,2.9263315,21.737862,1.1043,0.0087,5262.0,79.0
211039840,13.182,0.016,12.567,0.021,12.279,0.021,nan,7.5,0.064,2.8697624,1.154042,2.887559,2.5581746,0.3337,0.0041,nan,nan
211063935,12.868,0.026,12.227,0.037,11.962,0.021,nan,7.506,0.043,2.7110186,1.131965,2.861514,2.1249015,0.3819,0.0039,nan,nan
211027607,13.275,0.019,12.663,0.021,12.392,0.02,nan,7.426,0.063,2.951087,1.0671307,1.3119103,0.47852695,0.3205,0.0039,nan,nan
211059734,13.082,0.023,12.432,0.034,12.128,0.016,nan,7.274,0.051,2.8608084,1.1529555,3.453215,2.7504525,0.3666,0.0034,nan,nan
211026321,11.3,0.016,10.675,0.021,10.486,0.018,14.054,7.547,0.018,1.7224798,0.94657576,-0.9789076,0.0,0.6188,0.0029,3927.0,76.0
211024158,14.283,0.027,13.656,0.034,13.411,0.032,19.24,8.094,0.123,3.3679142,0.9371447,-1.1840193,0.0,0.182,0.0039,3072.0,43.0
211113286,13.422,0.028,12.863,0.032,12.582,0.025,nan,7.481,0.062,2.989872,1.0551254,1.1878155,0.4582326,0.2918,0.0042,nan,nan
210779549,8.404,0.013,8.225,0.027,8.152,0.015,9.38,7.392,0.023,0.67842674,1.1237687,2.5828772,11.633537,1.3107,0.0087,nan,nan
211054027,10.261,0.015,9.835,0.021,9.73,0.016,11.966,7.435,0.016,1.1114388,1.0351657,0.78406924,13.971172,0.8712,0.0056,4862.0,77.0
211080847,7.892,0.015,7.767,0.029,7.738,0.019,8.7,6.835,0.194,0.4694643,9.412993,107.09451,1549.1102,1.6322,0.0423,nan,nan
211040347,13.598,0.02,12.998,0.027,12.673,0.019,18.83,7.231,0.087,3.4484148,1.0175426,0.3670182,0.80672127,0.2895,0.0043,2998.0,42.0
210978650,13.346,0.019,12.734,0.024,12.483,0.02,17.63,7.475,0.067,3.0058403,1.1931092,3.9533038,2.366356,0.3056,0.0039,3275.0,42.0
210920066,8.902,0.011,8.694,0.021,8.586,0.018,9.96,7.948,0.022,0.7475815,1.0076236,0.19178317,8.714562,1.1456,0.006,nan,nan
211004687,13.236,0.019,12.633,0.023,12.35,0.018,17.53,7.331,0.06,2.979025,1.0224223,0.5217686,0.5462431,0.3306,0.0037,3271.0,42.0
211101564,11.465,0.025,10.734,0.029,10.587,0.019,14.097,7.521,0.02,1.7045574,1.0836426,1.5664239,0.2197318,0.6044,0.0031,4014.0,77.0
211096421,12.787,0.025,12.122,0.03,11.916,0.019,16.8,7.822,0.055,2.7038784,1.0649242,1.2573123,0.69069153,0.3751,0.0038,3365.0,43.0
211024798,13.136,0.02,12.503,0.017,12.283,0.021,17.33,7.401,0.06,2.8657188,1.050245,0.99322325,0.81713176,0.3374,0.004,3304.0,43.0
210982234,13.19,0.019,12.535,0.023,12.267,0.016,17.18,7.291,0.055,2.8594418,1.0635617,1.3395658,0.33907598,0.3446,0.0034,3373.0,43.0
211057685,14.897,0.036,14.317,0.041,13.889,0.041,12.56,7.441,0.204,3.2893085,1.0535712,1.1333365,2.7261217,0.1588,0.0052,nan,nan
211080412,14.032,0.026,13.405,0.034,13.195,0.033,nan,7.83,0.125,3.1227045,1.1298686,2.6333933,2.6124527,0.2085,0.0047,nan,nan
211034329,12.883,0.017,12.209,0.021,11.91,0.015,nan,7.173,0.057,3.2043476,1.0579132,1.1834774,1.0417192,0.4059,0.0037,nan,nan
211071722,12.478,0.023,11.937,0.033,11.59,0.018,nan,7.53,0.038,2.4735107,1.1365216,2.6919074,1.9127684,0.4409,0.0035,nan,nan
211037417,14.436,0.027,13.842,0.029,13.479,0.03,19.93,7.089,0.133,3.373333,0.9112794,-1.7124727,0.0,0.2018,0.0048,2934.0,42.0
211100894,12.309,0.028,11.686,0.03,11.451,0.016,17.92,7.667,0.038,2.545967,1.0978314,1.935567,1.6695669,0.4574,0.0032,2909.0,42.0
211121734,8.079,0.011,7.933,0.081,7.838,0.017,9.03,7.31,0.036,0.6205778,2.073626,20.819881,91.1111,1.4906,0.0106,nan,nan
211098921,13.279,0.024,12.621,0.029,12.36,0.018,nan,7.343,0.073,2.7984066,1.0740938,1.4090321,1.5236866,0.3286,0.0041,nan,nan
211031520,10.471,0.017,9.959,0.015,9.848,0.015,12.323,7.307,0.014,1.3070021,0.9438896,-1.0996395,2.7971873,0.8444,0.0052,4705.0,77.0
211117626,11.922,0.023,11.201,0.029,11.042,0.02,nan,7.162,0.05,2.2317667,2.2932675,25.161324,42.890392,0.5491,0.0041,nan,nan
211119678,8.686,0.011,8.572,0.041,8.419,0.017,9.82,7.384,0.016,0.6845684,1.0151197,0.374965,9.431809,1.2199,0.0035,nan,nan
211086163,13.165,0.023,12.539,0.032,12.253,0.016,nan,6.975,0.059,2.842578,1.0265061,0.58771735,0.757235,0.3614,0.0037,nan,nan
211028956,10.318,0.022,9.818,0.026,9.704,0.023,nan,5.957,0.015,1.2685184,0.9288403,-1.4579753,3.940549,1.0244,0.0037,nan,nan
211066615,7.563,0.025,7.497,0.029,7.459,0.013,8.22,7.461,0.051,0.31210852,1.6836591,13.6203985,73.853325,1.6914,0.0131,nan,nan
210971340,13.101,0.017,12.555,0.021,12.249,0.018,17.32,7.33,0.053,2.7872744,1.0771861,1.4696121,0.0,0.3456,0.0036,3296.0,42.0
211041420,14.163,0.023,13.531,0.026,13.269,0.033,nan,7.567,0.095,3.0938892,1.0161119,0.35471117,0.43617305,0.2085,0.0043,nan,nan
211084069,12.071,0.025,11.376,0.029,11.143,0.017,nan,7.339,0.027,2.2880154,1.0718954,1.53556,0.6733469,0.524,0.0031,nan,nan
211083408,11.084,0.023,10.416,0.032,10.235,0.017,13.618,7.523,0.018,1.5923738,1.2143942,4.488553,6.9339294,0.6578,0.0026,4087.0,77.0
211013191,13.887,0.022,13.319,0.03,13.005,0.026,nan,7.391,0.087,3.2421627,1.0255045,0.6030716,0.58510464,0.2422,0.0042,nan,nan
211093705,7.852,0.013,7.71,0.065,7.67,0.013,8.94,7.352,0.032,0.49812222,1.2320466,4.5111175,26.455013,1.5767,0.009,nan,nan
211069456,8.921,0.017,8.673,0.03,8.562,0.018,10.28,7.3,0.022,0.8261423,1.0200727,0.46275592,17.90655,1.1963,0.0038,5266.0,78.0
211105653,12.248,0.024,11.584,0.03,11.4,0.018,17.88,7.201,0.057,2.9065533,1.2912995,5.2796454,6.0288854,0.4884,0.0041,2904.0,42.0
211061207,14.162,0.033,13.563,0.032,13.313,0.037,19.2,7.627,0.097,3.1692924,0.98140705,-0.37266725,0.0,0.2025,0.0044,3049.0,43.0
211072835,13.931,0.023,13.325,0.033,13.019,0.029,nan,7.258,0.094,3.07967,1.0806322,1.809405,0.9574516,0.2452,0.0047,nan,nan
211104176,8.624,0.021,8.337,0.053,8.294,0.019,9.86,7.772,0.049,0.7361574,2.1700711,19.1183,73.56815,1.2227,0.0047,5420.0,80.0
211082436,8.36,0.009,8.123,0.043,8.04,0.021,9.91,8.717,0.172,0.72376823,8.587495,96.07776,1496.9479,1.2236,0.0095,5037.0,76.0
211120842,8.286,0.009,8.04,0.041,7.939,0.033,9.63,5.507,0.648,0.8309107,nan,228.88869,4039.070891767607,1.8181,0.2373,5284.0,76.0
211129400,11.267,0.023,10.654,0.032,10.504,0.019,13.391,6.106,0.014,1.4099417,0.9665537,-0.73162353,0.0,0.685,0.0029,4436.0,78.0
211068914,11.533,0.025,10.829,0.03,10.662,0.018,14.368,7.326,0.019,1.8298388,1.1184418,2.523702,1.5808822,0.6016,0.0029,3873.0,77.0
210922602,13.774,0.021,13.158,0.019,12.822,0.026,18.93,8.159,0.138,3.4813604,1.0640926,1.2610884,2.0064375,0.2387,0.0051,3017.0,42.0
211010902,6.701,0.007,6.732,0.009,6.816,9.995,6.89,7.421,0.042,0.024568558,1.0942224,1.9565232,69.51498,2.3463,nan,nan,nan
211090866,12.695,0.028,12.036,0.03,11.803,0.023,nan,7.261,0.046,2.6440277,1.1006508,1.9446585,1.4850967,0.4189,0.0044,nan,nan
211082883,13.637,0.026,13.022,0.034,12.759,0.023,nan,7.414,0.085,2.992241,1.1398214,3.165397,8.646426,0.2712,0.0043,nan,nan
211031105,13.25,0.022,12.581,0.023,12.307,0.02,nan,7.217,0.059,2.936716,1.0719284,1.4447333,0.8920553,0.342,0.004,nan,nan
211078239,12.697,0.023,12.147,0.03,11.842,0.019,nan,6.831,0.163,3.0608845,3.8334925,48.352417,113.32163,0.4342,0.0091,nan,nan
211003154,13.437,0.019,12.852,0.023,12.579,0.021,17.98,7.389,0.083,3.0125027,1.125552,2.6533942,3.1771433,0.2958,0.0044,3193.0,42.0
211086480,13.848,0.03,13.195,0.031,12.893,0.025,nan,7.105,0.128,3.3146582,0.9913123,-0.1545681,4.9630556,0.266,0.0058,nan,nan
211073154,14.565,0.031,13.895,0.041,13.655,0.032,nan,7.562,0.139,3.3296375,1.0240954,0.5980324,0.8915539,0.174,0.0041,nan,nan
211047828,9.923,0.018,9.455,0.021,9.257,0.017,12.581,7.426,0.016,1.7130537,1.0954742,2.0689716,7.7693753,1.0194,0.0028,3995.0,76.0
211107496,14.111,0.03,13.538,0.036,13.163,0.031,19.8,6.917,0.19,3.634348,1.2534412,4.58356,17.334705,0.2406,0.0077,2893.0,42.0
211086387,13.503,0.026,12.882,0.034,12.611,0.026,nan,6.737,0.062,2.9492044,1.1101922,2.5444617,0.87683237,0.3193,0.0047,nan,nan
211027393,10.54,0.016,10.014,0.019,9.836,0.015,12.707,7.349,0.015,1.3820219,1.0410229,0.8560623,3.2693508,0.8443,0.0052,4397.0,76.0
211059727,12.754,0.023,12.112,0.029,11.832,0.019,nan,7.013,0.053,2.7161846,1.1348923,2.9644718,3.2872436,0.4265,0.0041,nan,nan
211074500,14.133,0.031,13.509,0.036,13.151,0.021,nan,7.497,0.102,3.2110767,1.0340664,0.8270547,1.1281825,0.2227,0.0039,nan,nan
211000470,11.33,0.015,10.654,0.019,10.5,0.016,14.034,7.602,0.019,1.7675371,1.0812526,1.7025766,0.68215865,0.6143,0.0026,3962.0,76.0
211103222,12.344,0.031,11.7,0.04,11.494,0.023,nan,7.343,0.036,2.4615822,1.0981,1.7433709,1.0405539,0.4658,0.0042,nan,nan
211103322,13.922,0.033,13.382,0.05,13.048,0.039,nan,7.347,0.103,3.1212378,1.009063,0.19797744,0.515439,0.2388,0.0056,nan,nan
211100398,10.793,0.025,10.236,0.028,10.113,0.017,12.81,7.359,0.015,1.3388824,0.9501909,-0.89852935,1.3906385,0.6829,0.0026,4538.0,79.0
211100131,11.013,0.023,10.351,0.028,10.25,0.021,12.81,7.376,0.017,1.4467468,1.0467386,0.86449265,1.5982261,0.6619,0.0032,4762.0,79.0
211087985,11.754,0.023,11.074,0.031,10.891,0.019,14.743,7.433,0.022,1.9702711,1.227079,4.932445,3.3369873,0.5605,0.0032,3778.0,76.0
211118542,10.057,0.026,9.521,0.033,9.357,0.021,nan,6.985,0.124,1.3159351,7.545461,82.622444,660.4207,1.0245,0.0069,nan,nan
211023687,11.221,0.015,10.576,0.017,10.407,0.013,10.18,7.389,0.015,1.6409626,1.0232012,0.499853,0.0,0.6378,0.0021,nan,nan
211107114,13.557,0.023,13.048,0.033,12.712,0.023,nan,7.374,0.086,2.9957476,0.99294305,-0.08441908,0.0,0.2788,0.0044,nan,nan
210983092,12.779,0.019,12.149,0.023,11.903,0.021,nan,6.904,0.047,2.984558,1.0199612,0.45693168,0.0,0.4205,0.0042,nan,nan
210881103,13.111,0.019,12.442,0.021,12.247,0.023,17.28,6.835,0.05,2.8232632,1.0714281,1.5677713,1.2298654,0.3691,0.0043,3312.0,42.0
211106969,11.489,0.028,10.89,0.037,10.624,0.023,nan,7.376,0.04,2.3838396,1.6221106,10.184837,9.845588,0.6053,0.004,nan,nan
211023213,8.969,0.011,8.704,0.013,8.659,0.013,10.18,8.186,0.018,0.7957506,1.0064452,0.160664,8.54911,1.0978,0.0069,5453.0,76.0
211103863,10.062,0.023,9.629,0.032,9.545,0.017,11.597,7.55,0.021,1.0540123,1.2001574,3.7061322,15.668645,0.9373,0.0103,5054.0,80.0
211038588,13.865,0.022,13.225,0.027,13.008,0.029,18.91,7.281,0.092,3.2278833,1.0779377,1.6956921,1.5732957,0.2457,0.0046,3047.0,42.0
211067768,11.435,0.025,10.798,0.032,10.594,0.019,14.063,7.332,0.019,1.811161,1.0267986,0.62413305,0.0,0.6119,0.003,4017.0,77.0
210982761,13.367,0.02,12.791,0.021,12.461,0.021,18.18,7.447,0.072,3.1778345,0.97679853,-0.45679757,0.0,0.3098,0.0042,3113.0,42.0
211107734,12.559,0.023,11.939,0.029,11.691,0.021,17.52,7.373,0.04,2.5445137,1.110405,2.1595337,1.9640301,0.4318,0.004,3070.0,42.0
210866744,9.995,0.016,9.609,0.015,9.519,0.015,11.54,7.333,0.022,1.0420599,1.2028999,3.8161943,17.140823,0.9823,0.0026,5043.0,77.0
211002561,14.112,0.022,13.463,0.034,13.146,0.028,nan,7.345,0.216,3.710434,0.99083465,-0.14417839,15.139346,0.228,0.0076,nan,nan
211125236,12.866,0.017,12.272,0.021,12.013,0.02,17.37,--,--,3.0260954,nan,95.743515,961.0778626071706,nan,nan,3205.0,42.0
211113696,11.298,0.016,10.658,0.015,10.498,0.017,14.032,7.455,0.016,1.6946535,1.0836929,1.748196,0.6541799,0.6211,0.0027,3941.0,76.0
211100238,14.021,0.025,13.372,0.03,13.148,0.034,10.83,7.179,0.106,3.2691002,1.0056987,0.14578769,0.6933975,0.2333,0.0052,nan,nan
211007016,14.563,0.031,14.035,0.039,13.743,0.041,nan,7.082,0.171,3.3816452,0.87581253,-2.4463427,1.0916476,0.1784,0.0055,nan,nan
211005799,13.628,0.022,13.006,0.027,12.682,0.027,18.55,7.376,0.14,3.3357458,1.4040228,7.2800956,10.805315,0.2826,0.0065,3081.0,42.0
211032382,13.815,0.022,13.113,0.027,12.833,0.023,nan,7.15,0.087,3.3249388,0.9135021,-1.8477521,0.0,0.2718,0.0045,nan,nan
211100565,9.274,0.016,8.994,0.012,8.923,0.013,10.83,7.394,0.016,0.8218441,0.8482524,-3.1154113,6.210208,1.0763,0.0069,5030.0,77.0
211102725,13.652,0.023,13.044,0.025,12.764,0.031,nan,7.307,0.068,2.911234,0.95860523,-0.8068583,0.0,0.2746,0.0047,nan,nan
211066346,13.728,0.023,13.103,0.025,12.783,0.029,18.3,7.373,0.089,3.0725603,0.9753783,-0.52882344,0.0,0.2697,0.0049,3184.0,43.0
211096320,14.794,0.037,14.133,0.055,13.857,0.054,nan,7.518,0.151,3.0770836,1.0424516,0.9596043,0.8161149,0.1595,0.005,nan,nan
211094777,13.451,0.02,12.839,0.024,12.573,0.027,nan,7.321,0.063,2.893527,1.1160098,2.4838953,1.473096,0.2994,0.0045,nan,nan
210903023,12.371,0.015,11.746,0.014,11.517,0.015,nan,--,--,3.0344687,nan,154.79274,3038.623000809189,nan,nan,nan,nan
211074151,12.052,0.017,11.365,0.017,11.131,0.017,nan,7.191,0.074,2.5503654,2.6216292,30.320215,62.786243,0.5332,0.0046,nan,nan
211093117,12.962,0.019,12.309,0.021,12.065,0.019,nan,7.204,0.044,2.8038416,0.98888147,-0.20723881,0.0,0.3797,0.0036,nan,nan
211133821,9.366,0.014,9.063,0.015,8.993,0.013,10.88,7.435,0.02,0.8369837,1.0625377,1.3388861,11.627051,1.0545,0.0016,5079.0,77.0
211052343,13.713,0.02,12.953,0.023,12.632,0.024,nan,7.398,0.109,3.3704548,0.8381101,-3.619716,4.0940347,0.2884,0.0053,nan,nan
211038945,10.594,0.015,10.007,0.019,9.821,0.015,13.157,7.351,0.016,1.584384,1.177594,3.6300898,6.2815285,0.8491,0.0052,4065.0,76.0
211091848,9.638,0.016,9.27,0.015,9.159,0.013,11.12,7.374,0.016,0.9607105,0.9885728,-0.21022263,8.309616,1.0372,0.0022,5117.0,77.0
211112171,11.491,0.016,10.806,0.015,10.659,0.018,14.335,7.3,0.03,1.8476305,1.0965658,2.0216238,21.275967,0.6033,0.0031,3868.0,76.0
210877263,13.461,0.021,12.805,0.023,12.55,0.023,18.54,8.313,0.097,3.2159014,1.3511438,7.2097335,9.668004,0.2663,0.0043,3038.0,42.0
211003258,14.615,0.034,14.049,0.048,13.701,0.04,nan,6.912,0.184,3.292715,0.87160563,-2.4911692,3.9826472,0.1865,0.0062,nan,nan
211071504,11.284,0.017,10.614,0.015,10.461,0.015,14.15,7.393,0.139,1.8473139,7.650714,98.062645,614.91534,0.6295,0.0066,3853.0,76.0
211021014,11.662,0.015,10.986,0.021,10.811,0.013,14.814,7.433,0.021,2.011135,1.0649348,1.3462356,0.0,0.5732,0.0023,3716.0,43.0
210997527,11.714,0.018,11.039,0.021,10.85,0.015,14.807,7.261,0.023,1.9754066,1.1200577,2.22035,0.986677,0.5751,0.0026,3745.0,43.0
211027775,11.66,0.017,10.943,0.019,10.738,0.016,14.873,7.223,0.019,2.0335312,1.008254,0.21257772,1.283962e-15,0.5946,0.0027,3686.0,43.0
211066062,13.691,0.023,13.123,0.028,12.821,0.029,nan,7.5,0.181,3.2613544,1.9332057,18.465633,29.92869,0.2603,0.0073,nan,nan
211006108,12.932,0.015,12.323,0.021,12.066,0.016,nan,7.834,0.054,2.8799028,1.0419477,0.7802853,0.024407057,0.3514,0.0033,nan,nan
211086025,10.123,0.016,9.524,0.012,9.4,0.013,12.287,7.29,0.078,--,3.551547,33.248177,161.30017,1.0031,0.0042,4399.0,76.0
211050847,8.925,0.009,8.583,0.009,8.527,0.013,9.95,7.472,0.021,0.90088654,1.1117623,2.385551,14.701317,1.1932,0.0029,nan,nan
211111496,10.217,0.016,9.784,0.015,9.669,0.017,11.859,7.633,0.015,1.1021786,0.80998343,-3.8988087,5.3868165,0.8725,0.0059,4932.0,77.0
210996505,8.479,0.017,8.291,0.017,8.153,0.017,9.43,7.153,0.02,0.6573868,1.0373341,0.74287164,8.943031,1.3482,0.0096,nan,nan
211123901,9.105,0.014,8.851,0.012,8.763,0.013,10.27,7.407,0.019,0.8023014,0.9594057,-0.8803731,7.517186,1.138,0.0045,nan,nan
211097402,11.042,0.016,10.438,0.015,10.286,0.015,13.373,7.413,0.014,1.5127659,0.9290448,-1.5093254,1.7405826,0.6549,0.0023,4252.0,76.0
211070664,8.432,0.015,8.23,0.017,8.191,0.01,9.75,7.361,0.021,0.6225796,1.0005049,0.04218183,8.403887,1.2949,0.0062,5316.0,77.0
211066263,10.454,0.016,9.986,0.015,9.859,0.018,12.293,7.317,0.014,1.2012396,0.92620397,-1.6716434,4.3616633,0.8398,0.0062,4718.0,77.0
211008578,8.473,0.019,8.28,0.011,8.243,0.019,9.39,7.391,0.021,0.6416569,1.1259955,2.3523703,8.691505,1.2625,0.0106,nan,nan
211033155,10.031,0.017,9.496,0.019,9.34,0.016,nan,7.361,0.016,1.419446,1.227622,5.0500937,15.147096,1.0093,0.0026,nan,nan
211122237,11.189,0.014,10.514,0.015,10.338,0.015,14.217,7.256,0.091,1.8325653,5.5730724,72.06444,279.32635,0.6541,0.0046,3779.0,43.0
210991829,14.11,0.023,13.483,0.033,13.184,0.031,18.92,7.498,0.106,3.1541195,0.9240154,-1.4583341,0.0,0.2192,0.0046,3113.0,43.0
211040850,14.069,0.023,13.391,0.026,13.11,0.032,nan,7.331,0.101,3.1402092,1.0776341,1.7134582,1.5291785,0.2324,0.0048,nan,nan
211064137,12.471,0.017,11.856,0.019,11.575,0.02,nan,7.286,0.035,2.386301,1.047322,1.0612711,0.8928169,0.4551,0.0037,nan,nan
211111611,14.215,0.026,13.675,0.043,13.321,0.037,19.13,7.383,0.099,3.2632523,1.030175,0.67903805,0.8159828,0.2087,0.0047,3083.0,43.0
210996142,9.307,0.018,9.032,0.018,8.928,0.017,10.75,7.188,0.02,0.8285723,1.0573627,1.1248986,7.5014315,1.1045,0.0085,5163.0,78.0
211005924,12.343,0.015,11.686,0.019,11.47,0.018,15.77,7.239,0.043,2.477891,1.2245486,3.9170763,2.870961,0.4749,0.0037,3589.0,42.0
211102393,11.913,0.017,11.215,0.015,11.022,0.017,15.268,7.387,0.021,2.1480045,1.1212512,2.6785045,0.7931038,0.5415,0.0029,3621.0,43.0
211035282,13.241,0.019,12.636,0.021,12.375,0.023,17.96,7.436,0.048,2.929678,0.9718782,-0.60331553,0.0,0.3225,0.0039,3140.0,42.0
211042246,13.191,0.019,12.456,0.019,12.206,0.024,nan,7.264,0.064,3.2339296,1.0335654,0.7617564,1.1050888,0.3551,0.0047,nan,nan
211080124,15.155,0.041,14.48,0.05,14.132,0.052,nan,7.476,0.33,3.3802395,0.9338337,-1.2052047,0.6679759,0.142,0.0067,nan,nan
210994089,10.232,0.016,9.82,0.021,9.719,0.017,11.735,6.817,0.02,1.0559464,1.0778025,1.5996565,15.173132,0.9645,0.0104,5092.0,77.0
211082363,12.047,0.025,11.4,0.029,11.205,0.017,16.5,7.369,0.037,2.7211971,1.0109967,0.24098901,0.0,0.5123,0.0033,3221.0,43.0
211038389,9.35,0.016,9.092,0.017,8.996,0.018,10.59,7.497,0.016,0.8150959,0.99693227,-0.039987605,11.22426,1.0522,0.0021,5415.0,78.0
211072438,14.106,0.026,13.455,0.037,13.195,0.028,nan,7.117,0.111,2.826087,0.9730997,-0.50279236,0.0,0.2301,0.0048,nan,nan
211139797,12.409,0.023,11.71,0.029,11.489,0.02,nan,7.177,0.033,2.4484262,1.0530971,1.1813284,0.57013583,0.4748,0.0037,nan,nan
211093928,14.989,0.045,14.3,0.051,14.02,0.051,nan,7.101,0.197,2.9428616,0.86404675,-2.848316,0.04552184,0.1567,0.0056,nan,nan
211114329,9.274,0.017,9.005,0.029,8.977,0.017,10.59,7.407,0.019,0.83399963,1.0771662,1.72713,11.33394,1.0572,0.002,5319.0,78.0
211025779,14.21,0.022,13.618,0.037,13.301,0.032,19.19,7.295,0.119,3.1989937,1.0561346,1.0989604,0.8283347,0.2133,0.0049,3065.0,42.0
211075914,13.804,0.03,13.206,0.037,12.871,0.02,nan,7.225,0.148,3.5798693,1.0476388,0.8572014,1.560055,0.2642,0.0061,nan,nan
211017469,12.009,0.017,11.341,0.023,11.136,0.016,nan,7.385,0.027,2.2120152,1.0136526,0.294828,0.0,0.5229,0.0029,nan,nan
211037012,13.71,0.023,13.116,0.032,12.859,0.023,18.2,7.355,0.062,2.8807096,1.0239232,0.54006284,0.0,0.2609,0.0036,3209.0,43.0
211066157,13.92,0.023,13.27,0.037,13.067,0.027,nan,7.45,0.097,3.16395,0.95862824,-0.81493974,1.3968508e-15,0.2333,0.0044,nan,nan
211093581,13.037,0.026,12.362,0.029,12.158,0.017,17.2,7.467,0.049,2.8537579,1.0880636,1.8365781,0.88452554,0.3533,0.0034,3314.0,43.0
211066181,12.988,0.023,12.419,0.029,12.118,0.02,nan,7.108,0.065,3.0877132,1.1177913,2.3049583,1.3134065,0.376,0.0044,nan,nan
211097388,6.699,0.023,6.733,0.057,6.692,0.019,6.83,7.271,0.035,0.034648895,0.92515117,-1.4868366,53.52431,2.5071,0.0194,nan,nan
211119314,13.183,0.017,12.621,0.029,12.309,0.018,18.13,7.469,0.162,3.2475805,2.4217708,26.922314,53.39076,0.3307,0.0074,3074.0,42.0
211094386,13.169,0.026,12.568,0.029,12.272,0.022,nan,7.518,0.119,3.1241493,1.1269342,2.5516286,10.916252,0.334,0.006,nan,nan
211125179,13.172,0.023,12.579,0.032,12.285,0.018,18.09,6.142,0.081,3.1173477,1.1518043,3.284063,3.4197614,0.3998,0.0054,3083.0,42.0
211032994,10.037,0.017,9.637,0.021,9.534,0.018,11.457,7.387,0.019,1.0054016,0.9098149,-1.9507519,19.548677,0.9707,0.0104,5191.0,78.0
211078274,15.004,0.043,14.321,0.036,14.005,0.052,nan,7.379,0.289,3.3200836,1.0413917,0.7920842,0.24115862,0.152,0.0067,nan,nan
211035936,14.275,0.026,13.657,0.036,13.289,0.037,nan,7.582,0.12,3.6698284,0.94226295,-1.1969746,0.0,0.2061,0.0049,nan,nan
211115721,7.537,0.015,7.367,0.035,7.334,0.023,8.3,8.439,0.333,0.5019746,12.858032,147.22838,3107.7014,1.597,0.0539,nan,nan
211074122,11.598,0.023,10.941,0.029,10.732,0.018,14.665,7.277,0.022,1.8952541,1.031376,0.6335441,0.0,0.593,0.003,3758.0,44.0
220115919,nan,nan,nan,nan,nan,nan,nan,nan,nan,nan,nan,nan,nan,nan,nan,nan,nan
211046494,10.421,0.019,9.995,0.022,9.839,0.016,12.249,7.35,0.016,1.215661,1.1385349,3.113643,12.177803,0.8431,0.0056,4730.0,78.0
211015877,11.155,0.018,10.511,0.023,10.364,0.016,13.603,7.31,0.016,1.596879,1.0686795,1.4436905,0.0,0.6478,0.0025,4155.0,76.0
211089267,14.045,0.026,13.407,0.033,13.096,0.024,19.31,7.035,0.11,3.0484152,1.0650328,1.2788957,1.1225177,0.2441,0.0048,2989.0,43.0
211083672,12.783,0.021,12.124,0.029,11.906,0.018,18.69,7.383,0.057,2.7416039,1.1348422,2.6202948,3.3829584,0.3965,0.0039,2854.0,42.0
211046240,10.72,0.019,10.097,0.022,9.902,0.018,12.249,8.12,0.35,1.7361965,3.9692523,45.014267,5277.7812,0.6825,0.0141,5061.0,78.0
211067634,12.591,0.023,11.917,0.029,11.717,0.024,nan,7.303,0.043,2.5782223,0.98439646,-0.22408481,0.0,0.4309,0.0045,nan,nan
211048126,11.527,0.018,10.94,0.021,10.686,0.016,15.368,7.329,0.033,2.395114,1.6133932,11.523964,11.570013,0.5978,0.0029,3426.0,43.0
211029076,13.958,0.027,13.313,0.03,13.093,0.03,18.37,7.306,0.081,3.0633802,1.00177,0.068899386,0.0,0.2351,0.0043,3234.0,43.0
211081656,8.533,0.019,8.329,0.033,8.282,0.019,9.58,7.357,0.021,0.6450882,1.0107602,0.23846336,6.252404,1.2489,0.0062,nan,nan
211078698,14.269,0.031,13.72,0.045,13.398,0.03,nan,7.219,0.138,3.0739517,1.052468,0.9871696,0.7205979,0.2059,0.005,nan,nan
211046446,10.624,0.017,10.148,0.022,10.009,0.016,12.48,7.418,0.014,1.2616501,0.9788415,-0.4264417,3.5926907,0.6958,0.0024,4700.0,77.0
211053549,11.935,0.018,11.357,0.022,11.089,0.016,nan,7.391,0.032,2.6375847,1.0817058,1.6772574,1.6586472,0.5303,0.003,nan,nan
211132712,12.388,0.023,11.76,0.029,11.485,0.018,nan,7.709,0.578,2.802969,19.58353,205.9331,2588.614,0.4498,0.0271,nan,nan
211029254,13.435,0.021,12.819,0.021,12.546,0.024,17.98,7.07,0.071,3.0180445,1.0966136,2.075569,2.8953676,0.3137,0.0046,3192.0,42.0
211089146,13.705,0.028,13.083,0.035,12.816,0.025,nan,6.955,0.125,3.3263502,1.0453055,0.8606853,1.4023306,0.2818,0.0061,nan,nan
211111473,13.399,0.023,12.801,0.032,12.501,0.017,nan,7.321,0.103,3.3351498,1.5107259,11.023869,14.426757,0.3094,0.0049,nan,nan
211072160,7.77,0.015,7.542,0.055,7.486,0.013,8.73564,10.643,0.973,0.64441204,nan,201.47362,3754.6199120266247,1.2477,0.0726,nan,nan
211089068,10.49,0.025,9.831,0.029,9.719,0.017,nan,6.979,0.03,1.4832973,1.6517943,11.312445,25.592407,0.9355,0.0111,nan,nan
211078690,13.228,0.025,12.565,0.036,12.331,0.024,nan,7.529,0.128,3.3391886,0.89206386,-1.9425546,5.4128947,0.3249,0.0064,nan,nan
211131087,12.106,0.025,11.365,0.036,11.136,0.016,nan,7.256,0.031,2.3138905,1.005088,0.13807762,0.0,0.5292,0.003,nan,nan
211024494,13.546,0.021,12.974,0.026,12.734,0.026,18.17,7.456,0.069,3.053584,0.9374413,-1.3340611,0.0,0.2728,0.0042,3168.0,42.0
211079188,14.174,0.025,13.472,0.028,13.208,0.033,nan,7.501,0.141,3.4563828,0.9481336,-0.9227712,1.5505314e-15,0.2166,0.0054,nan,nan
211047718,13.281,0.019,12.701,0.024,12.445,0.021,nan,7.481,0.058,2.9733076,0.91359335,-1.9232675,0.0,0.3106,0.0038,nan,nan
210996662,7.618,0.013,7.543,0.011,7.52,0.015,8.19,7.863,0.327,0.33880424,10.395287,120.568405,3372.5203,1.579,0.0539,nan,nan
211117529,12.718,0.019,12.089,0.019,11.828,0.021,16.72,7.761,0.041,2.7824202,1.0696015,1.650981,1.10269,0.3916,0.0038,3369.0,43.0
211011030,12.922,0.018,12.368,0.022,12.083,0.021,17.35,7.347,0.052,2.8284597,1.099646,2.0137274,1.8944348,0.3702,0.004,3229.0,42.0
211080295,13.927,0.025,13.284,0.027,13.018,0.031,nan,7.55,0.1,3.0545607,0.9836351,-0.2828786,0.0,0.2355,0.0047,nan,nan
211134185,12.357,0.017,11.71,0.017,11.446,0.018,16.73,7.433,0.052,2.9366293,1.4722563,9.05387,9.19633,0.4693,0.0039,3246.0,42.0
211041526,13.157,0.026,12.573,0.03,12.282,0.021,nan,7.203,0.072,3.1281033,1.2707179,5.6625566,6.600344,0.3463,0.0045,nan,nan
211044267,7.406,0.027,7.37,0.015,7.343,0.009,7.79,7.473,0.032,0.21737766,1.009509,0.22940329,19.406424,1.7664,0.0086,nan,nan
211030057,12.834,0.018,12.18,0.021,11.922,0.016,16.83,7.191,0.047,2.7443657,1.0598742,1.2532743,0.74374074,0.4031,0.0034,3371.0,42.0
211107116,13.748,0.025,13.118,0.024,12.881,0.03,nan,7.373,0.067,2.9624004,1.0551442,1.300923,1.4061627,0.2576,0.0044,nan,nan
211056628,15.068,0.04,14.394,0.047,14.014,0.053,nan,7.582,0.243,3.35746,1.046665,1.0832745,1.6389376,0.1475,0.0057,nan,nan
211036595,14.737,0.037,14.167,0.044,13.741,0.043,nan,7.072,0.184,3.437399,0.99587977,-0.056563072,0.13771707,0.1788,0.0059,nan,nan
211087739,12.242,0.019,11.589,0.015,11.365,0.017,16.98,7.39,0.041,2.3478098,1.0457706,0.9016616,0.8994737,0.4848,0.0034,3134.0,42.0
210886447,13.702,0.018,13.147,0.026,12.82,0.025,nan,7.908,0.071,3.1077242,0.9688982,-0.6379556,0.0,0.2467,0.0037,nan,nan
211056099,13.702,0.018,13.135,0.03,12.814,0.024,18.3,7.339,0.086,3.0882645,1.1373919,3.1062257,3.5064735,0.2671,0.0044,3176.0,42.0
211075014,13.752,0.026,13.158,0.027,12.874,0.025,nan,7.491,0.108,3.0139809,0.8414757,-3.0669749,5.2355204,0.2543,0.0048,nan,nan
211090001,13.958,0.036,13.334,0.042,13.047,0.035,nan,7.58,0.107,3.0123444,1.060084,1.2058163,0.91295105,0.2313,0.0051,nan,nan
211021098,13.406,0.019,12.804,0.024,12.563,0.025,nan,7.34,0.064,2.891183,1.0396391,0.83034396,0.0,0.3,0.0043,nan,nan
211045153,11.742,0.017,11.161,0.022,10.896,0.015,nan,--,--,2.628028,nan,263.5298,11163.061597733378,nan,nan,nan,nan
211107623,10.807,0.017,10.244,0.013,10.128,0.018,12.965,7.422,0.013,1.4014874,0.990435,-0.1976274,3.2495818,0.678,0.0027,4405.0,77.0
210922592,10.53,0.021,10.013,0.02,9.895,0.016,12.333,7.637,0.014,1.2186346,0.88940537,-2.40813,2.2041914,0.7943,0.0061,4756.0,78.0
210989043,13.018,0.019,12.382,0.023,12.147,0.02,17.33,7.307,0.05,2.8412933,1.0177438,0.42978165,0.5606888,0.3621,0.0038,3266.0,42.0
211118985,13.719,0.023,13.045,0.022,12.802,0.029,nan,7.429,0.093,3.0793123,1.0942961,2.0272462,2.5470533,0.2653,0.005,nan,nan
211031682,14.199,0.025,13.661,0.024,13.346,0.031,18.65,7.549,0.103,3.1785507,0.96674895,-0.6612376,0.0,0.2015,0.0041,3222.0,43.0
211090094,13.688,0.023,13.075,0.025,12.765,0.026,18.3,7.343,0.11,3.240552,0.91802347,-1.5333383,0.0,0.2731,0.0053,3172.0,43.0
211031293,11.192,0.021,10.567,0.025,10.41,0.016,18.65,7.272,0.016,1.5855236,1.1117022,2.2968874,1.4528488,0.6426,0.0025,3071.0,44.0
211115713,12.593,0.019,11.974,0.017,11.699,0.02,16.33,7.322,0.039,2.5778227,1.0841954,1.9446019,1.3340471,0.433,0.0038,3465.0,43.0
211119999,11.471,0.016,10.78,0.012,10.602,0.018,14.495,7.396,0.08,1.8255548,6.221586,82.92928,210.64551,0.6077,0.0046,3781.0,43.0
211093429,13.078,0.02,12.451,0.021,12.178,0.019,17.63,7.18,0.076,2.9671144,1.0969669,1.8414927,2.4205663,0.3633,0.0046,3190.0,42.0
211001714,14.073,0.024,13.504,0.026,13.242,0.035,18.84,7.461,0.098,3.0772476,1.0069556,0.1831499,0.7866844,0.2143,0.0046,3126.0,43.0
211083317,11.147,0.017,10.517,0.015,10.328,0.013,13.807,7.39,0.03,1.7036057,1.7493252,13.349305,16.539164,0.6497,0.0023,3993.0,76.0
211087357,9.34,0.017,9.071,0.013,8.953,0.016,10.79,7.396,0.021,0.8469839,1.023037,0.43956134,9.024134,1.061,0.0058,5155.0,78.0
210997197,10.057,0.016,9.511,0.021,9.356,0.016,12.053,7.489,0.326,1.4087353,20.47516,223.52603,7095.6396,1.0008,0.0151,4559.0,77.0
211048014,11.361,0.023,10.714,0.021,10.555,0.016,13.945,7.415,0.017,1.6477528,1.0288638,0.64847285,0.0,0.6141,0.0026,4049.0,77.0
211062662,11.066,0.016,10.461,0.014,10.312,0.018,13.392,7.368,0.017,1.5474539,1.0548341,1.2426287,3.6121888,0.653,0.0028,4256.0,76.0
211045643,13.526,0.023,12.948,0.029,12.692,0.021,nan,7.253,0.077,3.0387678,0.9428905,-1.1050806,0.0,0.2861,0.0041,nan,nan
211104535,13.461,0.023,12.848,0.024,12.592,0.025,18.22,7.56,0.086,3.2024813,1.1355588,3.0080686,4.0454845,0.2874,0.0047,3128.0,43.0
211138781,13.007,0.019,12.384,0.021,12.088,0.02,17.42,--,--,3.1385994,nan,48.104916,197.1353494019928,nan,nan,3233.0,42.0
211015308,9.76,0.016,9.436,0.021,9.324,0.015,11.21,7.411,0.02,0.9447975,0.90876555,-1.7233652,8.005965,1.0095,0.0026,5155.0,77.0
211091536,13.552,0.021,12.997,0.025,12.67,0.025,18.14,7.336,0.078,3.0433226,1.0552306,1.1119857,1.3367169,0.2857,0.0045,3179.0,42.0
211096432,12.371,0.019,11.734,0.019,11.497,0.019,16.67,7.356,0.037,2.4399347,1.1241056,2.3874712,0.8730782,0.4646,0.0036,3270.0,42.0
211043323,13.919,0.026,13.277,0.029,13.03,0.026,nan,7.809,0.11,3.1215677,1.0405909,0.86451864,1.2711195,0.2262,0.0043,nan,nan
211060621,8.853,0.019,8.639,0.021,8.574,0.016,10.34,7.376,0.02,0.7080078,1.3117672,6.7605147,25.982224,1.1894,0.0034,5111.0,78.0
211001183,12.985,0.018,12.4,0.02,12.153,0.018,17.63,7.172,0.057,3.1197958,1.0359801,0.82342213,1.881609,0.3675,0.0039,3162.0,42.0
211021827,12.986,0.023,12.366,0.027,12.135,0.021,16.93,6.691,0.049,2.6908627,1.0597136,1.1721343,0.26487523,0.394,0.0042,3389.0,43.0
211080546,14.231,0.027,13.628,0.034,13.343,0.037,nan,7.435,0.122,3.2398014,1.0295058,0.62747204,0.19697389,0.205,0.005,nan,nan
210945565,15.315,0.052,14.764,0.069,14.319,0.066,nan,7.599,0.277,3.5428677,1.0772028,1.6557984,3.3941765,0.1294,0.0054,nan,nan
211101996,14.489,0.025,13.918,0.031,13.547,0.039,19.73,7.36,0.137,3.3148994,1.0213176,0.47169426,0.26125863,0.1881,0.005,2995.0,42.0
211110500,10.952,0.015,10.321,0.015,10.159,0.016,13.435,7.754,0.26,1.5783405,14.870772,167.27524,4023.0483,0.6593,0.0111,4127.0,76.0
211027306,14.895,0.041,14.236,0.058,14.023,0.054,nan,7.453,0.183,3.2330418,1.100372,1.9644276,1.2937199,0.1494,0.005,nan,nan
211003744,12.405,0.018,11.756,0.02,11.53,0.016,nan,7.309,0.031,2.5159779,1.1005108,2.3268747,1.5320326,0.4615,0.0031,nan,nan
211056865,14.141,0.026,13.604,0.032,13.27,0.035,nan,7.393,0.106,3.1116486,1.0650707,1.5221343,1.5953329,0.2135,0.0048,nan,nan
211064559,13.443,0.02,12.787,0.021,12.542,0.023,nan,7.189,0.06,2.957158,1.0318178,0.7536573,0.82170975,0.3092,0.0041,nan,nan
211143504,11.167,0.017,10.501,0.013,10.336,0.015,14.081,7.364,0.064,1.7167311,3.380635,40.587643,121.58024,0.6496,0.0036,3823.0,76.0
211047990,13.03,0.016,12.428,0.024,12.177,0.023,nan,7.608,0.054,2.7870903,1.0254738,0.5991809,0.32949084,0.3443,0.0041,nan,nan
211045994,13.599,0.018,13.05,0.024,12.828,0.027,18.19,7.549,0.084,3.0857983,1.0614438,1.3873773,1.2301285,0.2578,0.0044,3178.0,42.0
211063049,13.481,0.022,12.92,0.024,12.648,0.024,nan,7.269,0.063,2.8769464,1.1327714,3.0216532,2.224829,0.2913,0.0041,nan,nan
211001695,11.808,0.016,11.172,0.025,11.004,0.016,14.587,6.163,0.019,1.7705593,1.079173,1.8014921,0.0,0.6068,0.0027,3910.0,76.0
211063723,14.382,0.029,13.817,0.035,13.491,0.034,nan,7.155,0.118,3.351225,0.99524105,-0.08250206,0.0,0.1988,0.0047,nan,nan
211033726,11.492,0.016,10.848,0.02,10.702,0.016,14.426,7.319,0.019,1.8174419,1.0550884,1.2289631,0.0,0.5957,0.0027,3811.0,76.0
210860152,13.121,0.018,12.499,0.022,12.242,0.018,17.86,6.812,0.166,3.1209679,2.9685612,31.597437,58.119423,0.371,0.0087,3134.0,42.0
211063134,13.25,0.021,12.659,0.023,12.36,0.021,17.5,7.547,0.056,2.9869118,1.0021007,0.07701505,2.5072556e-15,0.32,0.0038,3286.0,43.0
211084436,7.526,0.009,7.393,0.015,7.352,0.017,8.41,7.405,0.087,0.5012932,3.1896222,36.578323,202.0846,1.7736,0.0205,nan,nan
211041474,12.997,0.016,12.398,0.024,12.12,0.018,17.32,7.437,0.058,2.796442,1.0796728,1.6667984,1.1877538,0.3604,0.0038,3262.0,42.0
211029245,13.398,0.024,12.839,0.027,12.548,0.024,17.5,7.353,0.073,2.8655157,1.0564281,1.2019699,0.86058104,0.3015,0.0044,3335.0,43.0
211045648,12.673,0.018,12.031,0.022,11.799,0.02,nan,6.989,0.157,2.9153109,1.980989,18.564116,118.12008,0.4331,0.0086,nan,nan
211139647,13.964,0.021,13.349,0.022,12.987,0.024,nan,6.855,0.081,3.03438,0.9985963,-0.004051008,0.0,0.264,0.0043,nan,nan
211038622,13.566,0.023,13.009,0.024,12.722,0.023,18.42,--,--,3.310876,nan,97.38606,864.5659658151222,nan,nan,3101.0,43.0
211138217,8.137,0.007,7.912,0.013,7.862,0.015,9.2,7.359,0.031,0.6590395,1.2645075,5.6989527,46.300163,1.4702,0.0093,nan,nan
211041683,9.041,0.018,8.817,0.013,8.736,0.018,10.38,7.194,0.021,0.7404547,0.9410188,-1.2091409,9.355354,1.1665,0.0056,5290.0,78.0
211057320,9.264,0.033,8.976,0.024,8.891,0.018,10.42,7.289,0.016,0.79774,0.8990129,-2.230591,4.7713914,1.1078,0.0081,nan,nan
211096385,11.516,0.013,10.806,0.017,10.669,0.017,14.423,7.444,0.02,1.8534374,1.2109858,4.41041,2.936837,0.5951,0.0028,3828.0,75.0
211051985,13.676,0.016,13.082,0.028,12.783,0.024,nan,7.161,0.081,2.995575,1.0162568,0.38496256,0.43791705,0.2778,0.0045,nan,nan
210942652,13.446,0.023,12.86,0.024,12.612,0.025,nan,7.598,0.055,2.9618626,0.9693371,-0.660818,2.537046e-15,0.2833,0.0039,nan,nan
211128863,9.593,0.013,9.256,0.015,9.158,0.016,11.27,7.499,0.019,0.91848373,1.3372483,7.535308,18.762262,1.0316,0.0027,4893.0,76.0
211057388,11.808,0.018,11.126,0.025,10.955,0.02,10.42,7.295,0.022,1.9212399,1.109031,2.343717,0.90827954,0.5567,0.0034,nan,nan
211039634,12.344,0.016,11.717,0.02,11.508,0.016,16.13,7.327,0.038,2.4323664,0.97364295,-0.5222097,0.0,0.4642,0.0032,3447.0,42.0
211121361,12.496,0.015,11.866,0.017,11.623,0.018,16.77,7.145,0.273,--,nan,13.141663,13.66777808153038,0.4542,0.0141,3278.0,42.0
211034343,14.431,0.026,13.816,0.033,13.533,0.039,18.85,7.207,0.157,3.3266983,1.0376607,0.82878125,5.4005065,0.1934,0.0056,3232.0,43.0
211101098,13.8,0.02,13.196,0.024,12.969,0.026,18.42,7.303,0.089,2.969945,1.0157425,0.36450654,1.3384633,0.2495,0.0044,3170.0,42.0
210993561,12.344,0.016,11.726,0.022,11.484,0.018,15.98,7.617,0.034,2.4895353,1.1173615,2.5329938,2.0279486,0.4542,0.0034,3504.0,42.0
211030912,13.63,0.024,13.078,0.027,12.766,0.024,nan,7.509,0.076,3.1534615,0.9564138,-0.9295016,0.0,0.2669,0.0041,nan,nan
211062705,11.39,0.016,10.702,0.025,10.48,0.016,14.972,8.123,0.355,2.219675,19.452703,214.04982,3477.9407,0.595,0.015,3525.0,42.0
211115457,12.925,0.017,12.31,0.019,12.028,0.021,16.88,7.455,0.055,2.6874208,1.0198263,0.4692127,2.1070466,0.3738,0.0041,3385.0,42.0
211010149,14.059,0.018,13.446,0.034,13.212,0.032,18.9,7.441,0.087,3.1104727,0.9964595,-0.039062787,0.0,0.218,0.0042,3104.0,42.0
211079332,12.87,0.018,12.241,0.015,11.978,0.02,17.7,7.469,0.095,3.0991344,1.9730395,17.816898,24.778063,0.3811,0.0054,3108.0,42.0
210951703,11.383,0.018,10.785,0.021,10.602,0.015,13.949,6.539,0.017,1.6808023,1.0501448,1.1760427,0.0,0.6484,0.0024,4063.0,76.0
211139723,11.963,0.017,11.333,0.017,11.089,0.015,15.23,7.51,0.025,2.2242432,1.0950806,2.2204,0.071096115,0.5246,0.0027,3661.0,43.0
211067419,8.985,0.015,8.719,0.015,8.663,0.015,10.19,7.419,0.017,0.7340889,0.8739928,-2.6009927,5.7788997,1.1685,0.0044,5460.0,nan
211013604,12.164,0.018,11.632,0.025,11.315,0.016,17.39,11.079,0.041,3.411294,1.0804164,1.8289713,4.6478257,0.3512,0.0027,2999.0,42.0
211020742,10.515,0.021,9.964,0.025,9.836,0.015,12.612,7.461,0.013,1.3191109,1.0005586,0.04290024,2.7378917,0.8333,0.0052,4462.0,78.0
211062438,13.88,0.019,13.229,0.03,13.001,0.031,19.07,7.245,0.092,3.0933533,1.0028831,0.09235964,0.84613895,0.2478,0.0049,3009.0,42.0
211086138,6.614,0.007,6.595,0.007,6.563,0.011,6.96,6.899,0.223,0.18186283,7.919,98.74384,2649.1252,2.724,0.0635,nan,nan
211081985,12.251,0.017,11.579,0.013,11.351,0.017,16.84,7.341,0.029,2.4508772,1.0710096,1.5397943,0.0,0.4896,0.0032,3179.0,42.0
211066477,13.743,0.021,13.137,0.023,12.849,0.029,nan,7.144,0.076,3.041832,0.99710137,-0.03689572,0.0,0.27,0.0047,nan,nan
211066484,13.787,0.021,13.221,0.025,12.937,0.031,nan,7.066,0.078,2.9588032,0.9394521,-1.3041449,0.0,0.262,0.0048,nan,nan
211029232,9.197,0.021,8.98,0.025,8.868,0.018,10.72,7.38,0.016,0.7898922,0.95619994,-0.94665784,9.048167,1.1058,0.0085,5068.0,79.0
210994964,14.8,0.03,14.099,0.047,13.747,0.045,nan,6.788,0.26,4.218689,1.0825942,1.5730159,2.3429165,0.1859,0.0083,nan,nan
211076761,14.083,0.022,13.446,0.027,13.24,0.032,19.66,7.21,0.116,3.2321148,1.0471992,1.0377078,1.0422688,0.2222,0.005,2916.0,42.0
211116917,14.385,0.028,13.716,0.035,13.5,0.038,19.58,7.102,0.141,3.2788582,1.0412737,0.99828774,0.7803053,0.1995,0.0054,3007.0,43.0
211077464,12.717,0.018,12.054,0.015,11.836,0.02,16.6,7.388,0.039,2.6146746,1.1296408,2.9688232,2.699672,0.4075,0.0037,3411.0,42.0
211103033,13.231,0.02,12.598,0.02,12.386,0.023,17.43,7.482,0.058,2.9620256,1.0530705,1.273196,0.05515119,0.319,0.0041,3302.0,43.0
211127395,14.602,0.028,13.987,0.039,13.613,0.036,nan,7.127,0.149,3.6694412,0.9548437,-1.0604024,0.0,0.1884,0.0051,nan,nan
211016654,12.859,0.021,12.285,0.028,12.049,0.019,17.4,8.511,0.049,3.1378298,1.1162689,2.6366272,2.6358323,0.3272,0.0033,3194.0,42.0
211126627,12.586,0.018,11.954,0.019,11.72,0.018,16.46,7.342,0.04,2.6695328,1.1613567,3.8930469,2.4425805,0.4285,0.0035,3414.0,42.0
211018096,7.758,0.017,7.7,0.015,7.631,0.009,8.38,7.319,0.031,0.38464737,1.3925788,8.781547,40.82432,1.6045,0.0084,nan,nan
211132233,13.489,0.02,12.894,0.026,12.622,0.023,18.08,7.336,0.064,2.9636316,1.004534,0.13467844,0.023770235,0.2921,0.004,3178.0,42.0
211103923,14.979,0.039,14.4,0.051,14.119,0.062,18.88,6.971,0.301,3.3674278,1.0612152,1.4034616,1.2885352,0.1527,0.0076,3405.0,44.0
211103969,14.078,0.025,13.465,0.029,13.172,0.033,18.88,7.247,0.129,3.2267857,1.0324576,0.76407427,0.9447847,0.2283,0.0055,3116.0,43.0
211023137,11.102,0.017,10.512,0.021,10.335,0.015,13.37,7.448,0.014,1.5054159,0.91519207,-1.9971517,2.0646715,0.6461,0.0023,4306.0,76.0
210942842,10.173,0.016,9.705,0.02,9.533,0.018,12.125,7.195,0.119,1.2486172,7.896325,99.292175,1363.2786,0.9866,0.0063,4603.0,77.0
210901321,13.518,0.019,12.91,0.027,12.641,0.024,18.17,7.137,0.063,3.0053806,1.0174967,0.41118506,0.016069274,0.2977,0.0042,3160.0,42.0
211027879,14.033,0.022,13.446,0.03,13.202,0.028,18.42,7.363,0.093,3.2199097,1.0406598,1.014939,0.81197315,0.2214,0.0041,3242.0,43.0
211081096,9.33,0.017,8.908,0.013,8.81,0.015,10.935,6.898,0.032,1.0693512,2.4192097,28.449568,72.3437,1.1713,0.0042,4974.0,77.0
211063000,10.658,0.015,10.133,0.015,9.992,0.017,12.654,7.017,0.045,1.2643108,2.2696056,22.48812,78.06241,0.8257,0.0073,4559.0,76.0
211006328,13.955,0.026,13.426,0.03,13.122,0.033,nan,7.768,0.085,3.2382965,1.023129,0.5488903,0.0,0.2176,0.0042,nan,nan
211087131,15.003,0.037,14.342,0.049,14.225,0.072,nan,7.321,0.18,3.7239513,1.0408256,1.0830516,1.8915386,0.1392,0.0053,nan,nan
211085091,11.94,0.021,11.35,0.03,11.05,0.017,16.68,7.402,0.04,2.5804596,1.6424628,14.764789,20.305422,0.5362,0.0034,3134.0,42.0
211007577,12.502,0.016,11.899,0.025,11.665,0.018,nan,7.389,0.033,2.5175905,1.0955359,2.2027967,0.18063812,0.4353,0.0034,nan,nan
211014186,9.909,0.018,9.52,0.025,9.377,0.015,11.578,7.149,0.052,1.0807343,2.5764327,31.46472,240.8354,1.0135,0.0034,4902.0,78.0
211120664,12.72,0.026,12.125,0.032,11.883,0.022,16.67,7.629,0.048,2.7941723,1.0742036,1.8782307,1.4320157,0.3888,0.0041,3387.0,43.0
211000411,12.03,0.016,11.355,0.025,11.15,0.016,15.438,7.479,0.025,2.2168636,1.049947,1.133247,1.2761724e-15,0.5161,0.0029,3598.0,43.0
211041750,14.52,0.026,13.924,0.044,13.573,0.035,nan,7.407,0.153,3.2330704,0.8294257,-4.192203,2.0734584,0.1846,0.0049,nan,nan
211017570,10.135,0.017,9.758,0.021,9.657,0.016,11.734,7.267,0.021,1.0477657,1.1447881,3.4932866,30.015182,0.9207,0.0098,4980.0,77.0
210933044,14.232,0.024,13.595,0.03,13.366,0.033,19.35,7.745,0.123,3.3087254,0.9976961,-0.02724768,6.1670265,0.1944,0.0044,3028.0,42.0
211047980,11.642,0.018,10.976,0.02,10.76,0.015,nan,7.631,0.093,2.4432507,1.507567,10.396422,84.39016,0.5723,0.0048,nan,nan
211008337,13.082,0.018,12.501,0.031,12.234,0.021,17.23,7.43,0.055,2.8367338,1.1603554,3.5877438,2.9591124,0.3434,0.004,3319.0,42.0
211050460,9.166,0.018,8.719,0.039,8.603,0.015,10.87,7.236,0.036,1.0322351,1.9297724,17.376982,61.938293,1.1919,0.0037,4863.0,78.0
211086260,13.058,0.019,12.448,0.028,12.143,0.021,nan,7.334,0.043,2.8443222,1.0396141,1.0518714,0.9911591,0.3615,0.0038,nan,nan
210949534,10.892,0.018,10.289,0.02,10.103,0.016,13.616,7.426,0.183,1.7023611,9.59688,121.67417,1406.5911,0.6815,0.0083,3948.0,76.0
211036665,11.439,0.018,10.77,0.021,10.606,0.016,14.364,6.026,0.2,1.8505754,14.577752,187.94048,1645.0938,0.6742,0.0109,3816.0,76.0
211104722,9.246,0.043,9.028,0.03,8.949,0.016,10.64,7.122,0.028,0.8060932,1.4188898,10.376102,46.134983,1.104,0.0088,5223.0,92.0
211057064,7.673,0.015,7.599,0.027,7.576,0.011,8.15,7.418,0.032,0.29633617,1.0928063,2.2740746,22.55602,1.6218,0.0097,nan,nan
211016037,11.505,0.016,10.804,0.021,10.664,0.015,14.451,7.451,0.018,1.8176136,1.1251582,2.9873185,2.004577,0.5956,0.0025,3804.0,76.0
211100392,11.275,0.019,10.645,0.028,10.415,0.018,14.175,7.337,0.03,1.7987633,2.144635,26.896137,32.374626,0.6389,0.003,3832.0,76.0
211025773,14.359,0.027,13.718,0.03,13.463,0.036,19.63,7.437,0.13,3.3386822,1.0598555,1.5823723,7.0576,0.1936,0.0048,2988.0,43.0
211068337,11.667,0.019,10.996,0.026,10.747,0.018,nan,--,--,2.504486,nan,336.33728,10254.585735616754,nan,nan,nan,nan
211089419,7.28,0.013,7.29,0.043,7.257,0.027,7.54,7.013,0.026,0.13290787,0.880397,-3.26123,23.500645,1.9928,0.0313,nan,nan
211065427,13.085,0.022,12.578,0.033,12.24,0.023,nan,7.253,0.199,--,0.9734136,-0.56230396,2.8254817,0.3504,0.0097,nan,nan
211113202,10.624,0.019,10.03,0.027,9.925,0.019,12.744,7.349,0.015,1.3729849,1.1289179,3.4785104,6.0828247,0.814,0.0071,4440.0,77.0
211108263,14.426,0.027,13.869,0.033,13.534,0.031,nan,7.371,0.118,3.141058,0.963428,-0.98617643,0.111176535,0.1889,0.0041,nan,nan
211042656,12.828,0.019,12.257,0.022,12.017,0.02,16.87,7.376,0.045,2.780384,1.0369788,0.98400825,0.89546716,0.3792,0.0038,3355.0,43.0
210915466,13.542,0.019,12.982,0.022,12.658,0.026,18.29,7.557,0.068,3.1922588,0.98182935,-0.4160611,0.50811756,0.2789,0.0042,3132.0,42.0
211054014,9.854,0.016,9.482,0.022,9.378,0.016,11.354,7.3,0.158,0.98147297,7.3253474,104.38515,2046.919,1.0061,0.0079,5095.0,77.0
210958195,14.213,0.028,13.576,0.03,13.324,0.033,nan,7.124,0.146,3.2433224,0.94495887,-1.3032686,4.274881,0.2162,0.0057,nan,nan
211004548,14.099,0.023,13.419,0.034,13.159,0.033,nan,7.54,0.09,3.1744938,0.97940594,-0.5074787,0.0,0.2205,0.0044,nan,nan
211089916,13.618,0.022,12.96,0.031,12.656,0.024,17.87,7.404,0.065,3.0494738,1.0273799,0.77940845,0.3406689,0.285,0.0041,3285.0,43.0
211098117,12.135,0.021,11.464,0.027,11.21,0.018,nan,6.869,0.03,2.5076437,1.048202,1.3340265,0.0,0.5366,0.0033,nan,nan
211046315,9.914,0.018,9.543,0.022,9.428,0.02,11.43,7.589,0.024,0.99851704,1.4216604,10.485927,56.223404,0.9849,0.0033,5076.0,78.0
211042471,13.528,0.021,12.967,0.03,12.663,0.021,nan,7.401,0.094,3.176795,1.3766471,9.637229,11.389289,0.2842,0.0046,nan,nan
211044929,13.64,0.024,13.037,0.024,12.771,0.024,18.13,7.362,0.074,3.1152382,1.0409425,1.1190441,1.5628992,0.2716,0.0041,3209.0,43.0
211018906,14.301,0.024,13.767,0.033,13.44,0.037,13.027,7.354,0.1,3.1948757,0.9231417,-2.0968983,0.0,0.198,0.0044,nan,nan
211059767,13.257,0.019,12.655,0.022,12.411,0.021,18.27,7.528,0.064,2.9060163,1.0333118,0.8820512,0.9264837,0.3135,0.004,3056.0,42.0
211027758,13.22,0.018,12.63,0.022,12.316,0.024,nan,7.488,0.067,3.1140919,1.1180046,3.1955929,3.900862,0.3288,0.0045,nan,nan
211025770,8.258,0.013,8.097,0.019,8.036,0.017,9.14,7.231,0.021,0.587265,1.1984136,5.306624,23.111637,1.3978,0.0096,nan,nan
211098279,12.604,0.018,11.987,0.02,11.745,0.018,nan,7.419,0.036,2.5900593,1.0772529,2.1707048,1.0313368,0.4208,0.0034,nan,nan
211051330,9.595,0.016,9.294,0.021,9.214,0.018,10.91,7.264,0.017,0.8867178,1.1350733,3.5819645,16.459627,1.0337,0.003,5320.0,78.0
211030481,11.219,0.018,10.608,0.022,10.383,0.02,14.12,6.93,0.174,1.8905611,12.56627,174.59755,1274.485,0.6623,0.0086,3831.0,76.0
210815768,13.785,0.022,13.274,0.028,12.917,0.026,19.09,--,--,3.2831755,nan,96.25059,617.7313886541157,nan,nan,2979.0,42.0
210947895,10.869,0.016,10.218,0.02,10.022,0.016,14.047,7.28,0.075,1.9259367,5.9114943,85.46788,279.07434,0.6999,0.0678,3703.0,43.0
211020101,9.693,0.016,9.364,0.022,9.256,0.018,11.127,7.2,0.032,0.94241905,1.9603938,22.915655,93.329895,1.0301,0.0032,5174.0,77.0
210829886,10.697,0.016,10.045,0.021,9.854,0.015,13.82,10.923,0.016,1.9064426,0.90360296,-2.4375684,1.7691466,0.5924,0.0024,3730.0,43.0
211017407,13.997,0.023,13.383,0.028,13.063,0.028,19.64,7.659,0.202,3.6086407,1.5174624,12.7636,23.22085,0.2271,0.0069,2902.0,42.0
210934634,14.767,0.034,14.072,0.041,13.762,0.047,nan,7.694,0.175,3.4041386,1.1129355,3.0334854,3.6936464,0.1628,0.0051,nan,nan
211093684,10.355,0.017,9.909,0.017,9.783,0.015,12.172,7.548,0.018,1.1820087,1.1796322,4.888933,20.707481,0.8426,0.0053,4741.0,77.0
211084463,12.828,0.027,12.267,0.038,11.998,0.016,14.272,7.47,0.061,3.0495577,1.1767701,4.644675,3.7207286,0.3779,0.0037,5162.0,82.0
211046293,6.163,0.005,6.225,0.007,6.216,0.017,6.18,7.462,0.047,-0.049655914,1.0356296,0.9571327,158.04102,2.8818,0.0195,nan,nan
210949721,12.948,0.019,12.242,0.022,11.994,0.021,nan,6.972,0.056,2.692378,1.0422074,1.1326385,1.3242415,0.4023,0.0044,nan,nan
211045933,10.067,0.018,9.699,0.021,9.595,0.016,11.599,7.209,0.021,1.0198593,1.1626065,4.713426,49.864697,0.9661,0.0098,5058.0,78.0
210872577,13.323,0.021,12.692,0.029,12.409,0.028,nan,7.385,0.056,2.952098,0.9899319,-0.25064337,0.0,0.3198,0.0047,nan,nan
210894583,11.808,0.016,11.162,0.022,10.921,0.016,15.76,7.216,0.031,2.4989653,1.211051,5.23348,3.6392164,0.566,0.003,3386.0,42.0
211070577,13.52,0.022,12.941,0.027,12.624,0.021,nan,7.305,0.068,2.9840288,1.057341,1.5196885,1.5691946,0.2931,0.0039,nan,nan
210833622,13.429,0.019,12.904,0.022,12.628,0.024,18.08,8.564,0.068,3.0911064,1.0130632,0.37006906,0.27859765,0.2489,0.0035,3160.0,42.0
211015348,9.145,0.018,8.854,0.011,8.796,0.016,10.24,6.921,0.017,0.77880955,1.0655763,1.8266698,14.21498,1.1726,0.0035,nan,nan
211047055,14.286,0.028,13.687,0.032,13.384,0.031,nan,7.226,0.118,3.4090595,1.0172051,0.5012618,1.2112039,0.207,0.0046,nan,nan
211054599,6.545,0.009,6.587,0.057,6.514,0.017,6.81,7.389,0.038,0.05533743,0.9739202,-0.6739712,73.73838,2.6349,0.0182,nan,nan
211046168,12.486,0.019,11.85,0.024,11.596,0.018,15.86,7.272,0.029,2.4875717,1.0517503,1.4587959,0.47900182,0.4524,0.0033,3612.0,43.0
211076441,14.459,0.027,13.782,0.033,13.472,0.039,nan,7.205,0.118,3.351303,1.0355865,1.0291044,0.7952376,0.1992,0.005,nan,nan
211055468,12.854,0.02,12.228,0.021,11.996,0.016,16.83,7.589,0.043,2.7262564,0.946568,-1.4582943,0.0,0.3728,0.0031,3378.0,43.0
211020988,14.287,0.025,13.667,0.033,13.415,0.035,19.44,7.37,0.119,3.216154,0.99089795,-0.22784963,0.24809252,0.1999,0.0047,3018.0,43.0
211071889,11.366,0.017,10.715,0.015,10.56,0.016,13.968,7.423,0.016,1.7277517,1.0460765,1.2452064,0.0,0.613,0.0026,4036.0,76.0
211156183,13.228,0.02,12.619,0.019,12.38,0.021,17.64,7.746,0.057,2.91426,1.0135275,0.3893486,0.0,0.3092,0.0037,3234.0,42.0
211064196,11.694,0.017,11.056,0.02,10.84,0.017,15.328,--,--,2.4350834,nan,254.0387,3839.5659143176986,nan,nan,3505.0,43.0
211059658,13.033,0.02,12.458,0.022,12.166,0.021,17.47,7.457,0.075,3.2133503,1.1878479,5.098761,7.769869,0.3525,0.0046,3226.0,42.0
211149525,13.79,0.021,13.141,0.025,12.922,0.027,nan,7.443,0.093,3.163248,1.0182151,0.49648353,0.4922346,0.2502,0.0045,nan,nan
211078413,13.193,0.018,12.592,0.019,12.382,0.021,nan,7.417,0.056,2.8745089,0.97568065,-0.66172504,0.0,0.3223,0.0038,nan,nan
211147023,8.645,0.013,8.469,0.025,8.382,0.015,9.75,7.239,0.031,0.679121,1.0734888,1.8463778,11.920097,1.2359,0.0035,nan,nan
211007717,9.863,0.016,9.512,0.025,9.385,0.018,11.237,7.506,0.026,1.0253668,1.7117734,18.399202,81.48394,0.9955,0.0031,5247.0,78.0
210950265,11.462,0.018,10.786,0.021,10.585,0.018,14.483,7.282,0.02,1.9026098,1.1132265,3.1607063,1.2896379,0.6155,0.0029,3782.0,43.0
210855272,11.812,0.016,11.118,0.021,10.935,0.02,14.702,6.419,0.052,1.8803024,2.2237964,28.270067,74.44015,0.6038,0.0041,3838.0,76.0
211059754,13.671,0.018,13.004,0.027,12.802,0.025,18.12,6.839,0.074,2.9917746,1.086405,2.336161,1.4427067,0.2885,0.0046,3222.0,42.0
211025708,13.41,0.021,12.81,0.026,12.52,0.024,17.98,7.229,0.069,3.0028334,1.0384145,1.1032555,0.7475687,0.3106,0.0045,3185.0,42.0
211005706,13.845,0.018,13.201,0.027,12.945,0.031,18.32,7.249,0.071,3.0461369,1.0051093,0.17080943,0.5048382,0.2543,0.0045,3214.0,42.0
210947594,13.042,0.018,12.364,0.022,12.118,0.021,nan,6.947,0.051,2.7975054,1.1126527,3.2672462,2.7117999,0.3838,0.0042,nan,nan
210830104,15.004,0.04,14.477,0.057,14.001,0.052,nan,8.136,0.217,3.512085,1.0195423,0.55712473,0.78100103,0.1389,0.0046,nan,nan
211149600,10.256,0.017,9.731,0.019,9.582,0.015,nan,7.292,0.025,1.2106409,1.3848734,9.863406,34.07416,0.9593,0.0095,nan,nan
210967901,13.285,0.016,12.661,0.024,12.372,0.019,nan,7.128,0.061,2.9244423,1.0237665,0.6842139,0.45897916,0.3363,0.0039,nan,nan
211015258,12.636,0.018,11.974,0.024,11.746,0.016,nan,7.301,0.035,2.5683336,0.9832702,-0.4662562,0.0,0.4263,0.0031,nan,nan
211147822,10.218,0.018,9.593,0.017,9.434,0.015,nan,6.389,0.145,1.4667168,10.812572,156.58397,1516.8848,1.0421,0.0064,nan,nan
211060078,9.181,0.018,8.941,0.02,8.853,0.016,10.47,7.251,0.022,0.7804346,1.2033594,5.391362,24.269466,1.1242,0.0054,5353.0,78.0
211161968,14.193,0.028,13.578,0.027,13.282,0.032,19.34,7.553,0.122,3.2240982,1.0171729,0.50849,0.55970395,0.2076,0.0047,3020.0,43.0
211022539,10.632,0.016,10.108,0.021,10.015,0.018,12.479,7.334,0.016,1.2622709,1.130002,3.687279,8.531797,0.6985,0.0467,4710.0,77.0
211062007,6.643,0.009,6.628,0.011,6.58,0.007,6.96,6.787,0.141,0.1367259,4.034489,65.68556,1224.3301,2.7406,0.0409,nan,nan
211053737,9.677,0.023,9.23,0.025,9.054,0.016,11.475,6.877,0.656,1.1760063,nan,218.66403,2835.4221131146924,1.0896,0.0611,4761.0,79.0
211158092,12.462,0.017,11.844,0.015,11.581,0.017,nan,7.44,0.066,2.8506145,1.7604898,20.309168,21.879025,0.4467,0.0043,nan,nan
211059775,13.655,0.026,13.011,0.031,12.766,0.024,18.03,7.212,0.065,3.0027494,1.0054784,0.17985229,1.9874836e-15,0.278,0.004,3245.0,43.0
211129308,11.044,0.015,10.493,0.013,10.372,0.016,13.052,6.276,0.019,1.4149704,0.9955936,-0.096225955,6.1881795,0.6958,0.0026,4547.0,76.0
211038382,14.255,0.028,13.665,0.033,13.4,0.036,19.34,7.255,0.122,3.2467766,1.0513706,1.4732177,1.6015306,0.2046,0.005,3036.0,43.0
210963935,11.608,0.016,10.909,0.021,10.732,0.016,nan,7.435,0.019,1.9322557,1.0405931,1.1654823,2.0072108e-15,0.5857,0.0027,nan,nan
211023807,13.723,0.019,13.121,0.029,12.84,0.023,nan,6.698,0.067,2.9567537,0.9534129,-1.3624167,0.0,0.2894,0.0042,nan,nan
211048321,14.352,0.025,13.68,0.038,13.438,0.033,nan,7.36,0.125,3.1788692,0.9986065,-0.014077305,0.0,0.198,0.0046,nan,nan
211060049,11.773,0.02,11.095,0.011,10.913,0.02,14.785,7.524,0.02,2.0330086,1.0512938,1.4780854,0.0,0.5527,0.0034,3787.0,43.0
211147423,12.864,0.021,12.229,0.013,11.973,0.02,17.43,7.495,0.043,2.7774649,1.0412433,1.1921229,0.63481045,0.3807,0.0037,3186.0,42.0
211019565,11.737,0.017,11.02,0.027,10.852,0.023,14.877,7.391,0.02,2.0543022,1.0752883,2.2337165,1.911851e-15,0.5687,0.0038,3722.0,43.0
210878635,13.309,0.021,12.732,0.028,12.381,0.021,nan,7.288,0.066,2.9306517,0.9920918,-0.20255886,0.0,0.3279,0.0042,nan,nan
211053255,10.616,0.017,10.077,0.028,9.957,0.019,12.397,7.332,0.017,1.2307539,1.1693642,4.6647067,15.015117,0.8041,0.0073,4779.0,77.0
211011910,13.092,0.021,12.429,0.027,12.188,0.022,17.76,7.282,0.053,2.8686714,1.0601745,1.7999848,1.0464766,0.357,0.0041,3155.0,42.0
211135523,11.493,0.018,10.828,0.012,10.655,0.019,14.333,7.208,0.019,1.8187561,1.1168429,3.210314,1.1584765,0.6082,0.0031,3870.0,76.0
210945519,10.944,0.019,10.336,0.026,10.196,0.017,13.213,7.293,0.015,1.453537,0.9994613,0.008091038,3.692705,0.6735,0.0026,4305.0,77.0
211131748,12.621,0.02,12.0,0.013,11.768,0.022,16.94,7.286,0.033,2.5497332,1.0132973,0.3957574,0.0,0.4234,0.0039,3263.0,42.0
211138883,12.958,0.019,12.356,0.022,12.086,0.02,nan,7.566,0.217,3.0516396,3.1530936,43.539165,95.81153,0.3599,0.01,nan,nan
211013066,10.849,0.02,10.19,0.024,10.032,0.019,13.459,7.657,0.237,1.6904612,13.699448,206.42929,3661.7607,0.6822,0.0104,4030.0,76.0
211025002,13.968,0.024,13.376,0.038,13.118,0.032,nan,8.117,0.082,3.1555882,1.1122673,3.402406,2.2145398,0.2084,0.0038,nan,nan
211125210,9.535,0.018,9.219,0.013,9.137,0.02,11.04,7.192,0.051,0.9087715,1.631875,14.677418,71.523796,1.0465,0.0028,5089.0,78.0
210917754,9.903,0.019,9.568,0.021,9.452,0.016,11.463,7.154,0.024,1.0521498,1.5979543,16.674757,66.08616,1.0014,0.0028,5025.0,78.0
211020371,12.615,0.023,11.978,0.023,11.72,0.021,nan,7.355,0.035,2.6311836,0.9858418,-0.375704,0.0,0.4279,0.0038,nan,nan
211038222,14.331,0.032,13.698,0.031,13.386,0.032,19.27,7.327,0.11,3.238186,1.0502069,1.4679139,1.0543969,0.2039,0.0044,3077.0,43.0
210927253,13.22,0.025,12.633,0.026,12.344,0.022,17.21,7.521,0.058,2.9463444,1.1198117,3.536673,2.221923,0.3234,0.004,3373.0,43.0
210927331,12.918,0.029,12.304,0.033,12.037,0.025,17.21,7.464,0.043,2.7960463,1.0005019,0.037164595,0.020079175,0.372,0.0044,3272.0,43.0
211036881,12.689,0.019,12.059,0.021,11.782,0.016,17.66,5.086,0.524,2.9873962,10.178804,156.86357,1486.7979,0.5497,0.0363,3068.0,42.0
211023176,10.986,0.02,10.353,0.021,10.198,0.018,13.135,7.484,0.015,1.4652519,1.0727754,2.090194,6.533126,0.6649,0.0027,4413.0,77.0
211106636,12.804,0.023,12.161,0.017,11.921,0.031,nan,7.267,0.037,2.651003,1.0646888,1.8429788,0.6724871,0.3996,0.0053,nan,nan
211106535,12.933,0.02,12.305,0.013,12.082,0.024,nan,7.255,0.042,2.7524567,1.0751644,2.1444268,1.5630177,0.3746,0.0042,nan,nan
211127537,13.46,0.024,12.855,0.015,12.647,0.03,nan,7.572,0.074,2.9461164,1.1009638,2.5741313,2.6563768,0.2798,0.0048,nan,nan
211106344,9.797,0.014,9.207,0.013,9.072,0.019,nan,8.345,0.15,1.4317484,11.671869,175.90192,2904.957,1.0085,0.0069,nan,nan
211132111,13.646,0.025,13.114,0.019,12.84,0.032,18.71,7.41,0.091,3.2155714,1.0254073,0.6683358,0.96668655,0.2613,0.0051,3042.0,43.0
211127297,13.86,0.028,13.209,0.02,12.968,0.033,nan,7.349,0.085,3.088049,1.00609,0.18224768,0.30137476,0.248,0.0049,nan,nan
210923443,14.231,0.023,13.613,0.029,13.292,0.031,nan,7.359,0.101,3.3072872,0.971319,-0.82444686,0.0,0.2123,0.0044,nan,nan
210974893,12.379,0.018,11.722,0.021,11.483,0.016,16.03,7.516,0.03,2.5074873,1.0850873,2.4409716,0.85221034,0.4592,0.003,3498.0,43.0
210939705,13.976,0.021,13.453,0.029,13.122,0.03,18.89,8.013,0.092,3.0913715,0.9361239,-1.8167423,0.0,0.2108,0.0039,3084.0,42.0
211151674,14.155,0.027,13.61,0.028,13.267,0.036,nan,6.955,0.109,3.293377,1.0727127,2.0358558,2.663811,0.2277,0.0054,nan,nan
210866482,13.498,0.02,12.881,0.024,12.603,0.025,18.1,7.757,0.073,3.062271,1.0641127,1.7823348,2.0432613,0.2786,0.0042,3175.0,42.0
211093203,13.363,0.03,12.738,0.036,12.468,0.023,18.21,7.409,0.062,3.0047407,1.0566463,1.5553156,0.6926127,0.3104,0.0041,3103.0,43.0
210939348,12.29,0.016,11.621,0.018,11.39,0.02,15.92,6.663,0.028,2.2684088,1.0579791,1.6500154,0.29184425,0.5179,0.0036,3506.0,42.0
210907442,12.414,0.019,11.714,0.02,11.483,0.018,13.834,7.42,0.032,2.598586,1.0695143,2.0314112,0.536225,0.4638,0.0034,5191.0,78.0
211140155,12.779,0.025,12.152,0.03,11.91,0.02,nan,7.34,0.05,2.6469774,1.0918032,2.4486144,1.5225315,0.3978,0.004,nan,nan
210969937,12.29,0.02,11.609,0.021,11.39,0.016,15.8,6.976,0.03,2.3957539,1.059469,1.5524402,0.48065737,0.5015,0.0031,3555.0,43.0
211127164,13.629,0.023,13.049,0.03,12.724,0.026,nan,7.923,0.113,3.4400244,1.3147202,8.123733,11.01976,0.2577,0.0049,nan,nan
211171449,13.129,0.021,12.502,0.029,12.215,0.019,18.0,7.516,0.051,2.9164333,1.0450416,1.2147114,1.6454483,0.3425,0.0036,3096.0,42.0
211093906,13.721,0.026,13.146,0.033,12.931,0.025,18.8,7.33,0.074,3.043069,1.0686117,1.8726904,2.0034778,0.2531,0.004,3038.0,43.0
211086444,13.987,0.026,13.365,0.035,13.134,0.038,19.1,7.341,0.085,3.155282,0.95261717,-1.2330124,0.0,0.2295,0.005,3029.0,43.0
211141637,11.252,0.019,10.589,0.03,10.521,0.019,13.696,7.224,0.017,1.6401625,0.99487203,-0.11173639,0.0,0.628,0.003,4158.0,77.0
210919084,12.852,0.02,12.198,0.02,11.957,0.018,16.87,7.149,0.051,2.7598705,1.1235491,3.2662778,3.2456164,0.3995,0.0038,3363.0,43.0
210920246,11.565,0.019,10.867,0.018,10.656,0.015,14.802,7.863,0.023,2.0358124,1.0761502,1.9926189,0.0,0.5784,0.0026,3675.0,43.0
210971348,12.823,0.019,12.151,0.021,11.911,0.016,11.84,7.416,0.042,2.790759,1.0604233,1.5857553,0.7811693,0.3941,0.0032,nan,nan
210924735,9.991,0.019,9.468,0.018,9.349,0.016,nan,5.796,0.14,1.2053337,11.579677,171.22113,2284.999,1.1211,0.0188,nan,nan
211124025,15.112,0.043,14.539,0.071,14.317,0.062,nan,7.419,0.236,3.568451,0.9780595,-0.57538587,2.2396443,0.1323,0.0051,nan,nan
210965731,12.449,0.02,11.835,0.018,11.574,0.018,16.08,7.425,0.033,2.522913,1.0516557,1.292054,0.0,0.4485,0.0034,3506.0,43.0
210880560,13.489,0.022,12.868,0.023,12.548,0.021,18.32,--,--,3.2415323,nan,44.29279,150.79987357689765,nan,nan,3107.0,42.0
211150258,14.244,0.026,13.611,0.041,13.333,0.029,19.3,7.571,0.117,3.0576267,1.0004035,0.035614282,0.0,0.2022,0.0043,3044.0,43.0
211120561,11.6,0.017,10.888,0.027,10.707,0.018,14.444,7.295,0.018,1.8534889,0.9828631,-0.4376567,0.0,0.5961,0.0029,3868.0,76.0
211130173,14.806,0.038,14.185,0.044,13.854,0.049,nan,5.235,0.175,3.5469398,1.0018758,0.07526769,0.8708274,0.231,0.0096,nan,nan
211168863,14.248,0.029,13.737,0.045,13.303,0.041,19.3,7.442,0.111,3.3793697,1.048844,1.373725,1.6149611,0.2087,0.0052,3045.0,43.0
211068400,9.949,0.018,9.564,0.026,9.439,0.019,11.283,7.265,0.022,0.99782753,1.1799468,4.5674143,42.528072,0.9982,0.0032,5297.0,78.0
211128116,13.418,0.024,12.844,0.032,12.552,0.025,18.56,7.458,0.076,3.2042303,1.0633842,1.8347483,10.229252,0.2968,0.0045,3021.0,42.0
210871940,13.79,0.019,13.176,0.027,12.921,0.028,18.53,8.291,0.076,3.072917,1.0518576,1.3030572,2.0919225,0.2239,0.0037,3134.0,42.0
211090925,12.499,0.017,11.831,0.027,11.583,0.022,nan,7.248,0.033,2.4002428,1.079778,2.1176136,1.1476363,0.4557,0.004,nan,nan
210863683,11.633,0.016,10.936,0.02,10.764,0.016,14.799,7.435,0.021,1.9914875,0.979916,-0.4655323,0.0,0.5806,0.0027,3709.0,43.0
211048116,13.181,0.019,12.582,0.021,12.28,0.02,18.17,7.728,0.072,2.941144,1.1809828,4.3577504,4.410177,0.3241,0.0041,3063.0,42.0
211177579,9.682,0.02,9.371,0.025,9.299,0.018,11.244,6.297,0.02,0.924098,1.199993,5.0510983,19.373772,1.0626,0.0073,5023.0,78.0
210964780,10.113,0.016,9.554,0.02,9.406,0.016,nan,7.449,0.016,1.2946749,1.1952622,5.0859575,25.008902,0.9948,0.0026,nan,nan
210840112,11.831,0.019,11.16,0.018,10.92,0.018,15.408,8.675,0.152,2.308569,9.363401,132.68312,567.12427,0.5009,0.007,3527.0,43.0
211101218,14.829,0.036,14.223,0.051,13.895,0.045,19.51,7.661,0.208,3.5716114,1.0804759,2.1119246,3.8509176,0.154,0.0051,3151.0,43.0
211063361,12.73,0.019,12.141,0.026,11.849,0.022,17.7,--,--,2.8576097,nan,163.33691,3325.942064651285,nan,nan,3068.0,42.0
211085419,10.376,0.02,9.845,0.03,9.721,0.022,15.4,7.367,0.026,1.3436861,1.7900016,18.63007,39.442223,0.8808,0.0078,3053.0,42.0
211143325,13.628,0.027,13.002,0.03,12.723,0.028,18.67,7.442,0.064,3.0865488,0.98098475,-0.5291877,0.0,0.2748,0.0043,3048.0,43.0
210873256,14.453,0.03,13.923,0.035,13.564,0.041,nan,8.482,0.124,3.3140678,1.03921,1.0028899,1.2180051,0.1618,0.0038,nan,nan
211086170,14.734,0.034,14.068,0.049,13.706,0.045,nan,5.953,0.16,3.434618,1.0497488,1.3757159,3.6463404,0.217,0.0076,nan,nan
211153286,10.479,0.015,10.028,0.036,9.805,0.022,nan,8.287,0.015,1.4830856,1.0707629,1.9601706,6.6119742,0.6903,0.0033,nan,nan
211069011,8.687,0.013,8.48,0.031,8.424,0.019,9.75,7.39,0.016,0.6966171,0.99219394,-0.19658732,9.811373,1.2186,0.0039,nan,nan
211041682,13.468,0.021,12.825,0.026,12.574,0.023,18.36,7.405,0.061,2.9705973,1.0372041,1.0021596,0.6208173,0.2959,0.004,3090.0,42.0
211109330,13.702,0.027,13.074,0.033,12.758,0.03,19.01,7.597,0.456,3.4330664,4.2915173,64.39543,223.54094,0.2647,0.0167,2978.0,43.0
211087059,9.603,0.015,9.202,0.028,9.094,0.018,10.94,7.344,0.017,0.965456,1.1533413,4.150238,21.793716,1.0463,0.0021,5293.0,77.0
210899950,9.601,0.018,9.255,0.02,9.183,0.016,10.96,7.489,0.022,0.91490746,1.4724106,10.639223,26.531963,1.0281,0.0027,5266.0,78.0
211053776,10.473,0.018,9.837,0.018,9.663,0.016,12.992,7.622,0.015,1.6999273,1.0911793,2.4090357,3.931491,0.8755,0.0055,4099.0,76.0
211060762,14.607,0.032,13.964,0.04,13.747,0.043,nan,7.347,0.173,3.4443207,1.0999233,2.5896723,4.5440097,0.1716,0.0053,nan,nan
211084620,11.449,0.015,10.784,0.026,10.62,0.018,14.122,7.42,0.016,1.7860489,1.0209115,0.61015725,0.0,0.6039,0.0029,3984.0,76.0
211163008,11.259,0.015,10.592,0.027,10.369,0.019,15.14,6.806,0.167,2.2217426,10.188502,149.76126,1032.9076,0.6701,0.0084,3412.0,42.0
210931244,12.061,0.016,11.369,0.018,11.178,0.016,15.561,7.257,0.026,2.296548,1.0450507,1.1349996,4.5880272e-15,0.5222,0.0029,3559.0,43.0
211102300,14.609,0.033,13.976,0.046,13.77,0.044,19.84,7.511,0.164,3.5286007,1.1410297,3.7810152,5.619768,0.1661,0.0049,2998.0,43.0
211128979,14.166,0.037,13.762,0.055,13.34,0.052,nan,5.362,0.162,3.2559776,1.0952692,2.6573234,5.754486,0.2872,0.0111,nan,nan
211154974,13.565,0.022,12.979,0.035,12.683,0.026,18.86,7.232,0.436,3.398755,5.6325836,87.55553,336.15182,0.2881,0.0178,2982.0,42.0
211100931,10.635,0.018,9.991,0.019,9.831,0.013,nan,7.208,0.017,1.6745262,1.0526134,1.3838326,3.5923011,0.86,0.0047,nan,nan
211139534,12.907,0.02,12.24,0.021,11.982,0.02,nan,7.531,0.042,2.7281675,1.0616418,1.6734866,0.9191018,0.3776,0.0037,nan,nan
211069510,12.774,0.018,12.142,0.021,11.886,0.019,17.41,7.323,0.043,2.7174673,1.1166182,3.1755478,1.7833196,0.4025,0.0037,3165.0,42.0
210776021,12.615,0.021,11.936,0.025,11.721,0.019,16.57,7.583,0.04,2.7025805,1.0344882,0.81268096,0.77512544,0.4169,0.0036,3385.0,43.0
210784223,10.766,0.021,10.154,0.024,9.976,0.017,13.137,8.856,0.016,1.5576067,1.1268839,2.991375,5.2552056,0.6435,0.0026,4218.0,77.0
211139818,14.728,0.034,14.027,0.035,13.691,0.042,nan,6.44,0.286,3.9288692,1.3098723,7.612213,13.20747,0.2015,0.0101,nan,nan
211049922,11.419,0.019,10.784,0.023,10.593,0.018,14.056,7.251,0.015,1.735012,1.1209916,3.3340445,0.0,0.6157,0.0029,4010.0,76.0
210879932,9.624,0.021,9.281,0.02,9.174,0.016,11.101,8.149,0.017,0.97218513,1.2542509,6.5043116,23.291101,1.0006,0.0026,5122.0,79.0
211062846,14.135,0.025,13.498,0.024,13.263,0.035,19.1,7.098,0.09,3.1802654,0.998377,-0.021201933,2.0431945e-15,0.2234,0.0047,3069.0,43.0
210892390,11.82,0.019,11.147,0.021,10.902,0.016,nan,6.739,0.032,2.2098265,1.4717368,11.435262,10.117786,0.5925,0.003,nan,nan
211059650,11.326,0.02,10.639,0.019,10.44,0.015,nan,--,--,2.3278494,nan,187.1532,3102.8746307031106,nan,nan,nan,nan
211142685,12.647,0.022,11.943,0.019,11.722,0.021,nan,7.161,0.04,2.720457,1.072395,1.9235204,2.4041617,0.4371,0.004,nan,nan
210886244,12.654,0.023,12.016,0.024,11.761,0.02,16.71,6.903,0.08,2.7553263,2.0430796,24.410542,45.190704,0.4438,0.0053,3350.0,43.0
211099297,10.665,0.02,10.118,0.024,9.921,0.015,nan,7.505,0.016,1.3281765,1.0008076,0.04664385,3.136137,0.7987,0.0058,nan,nan
210909923,12.061,0.021,11.458,0.025,11.164,0.021,16.43,7.402,0.069,2.8862,2.7703176,38.454926,55.905838,0.5175,0.0048,3247.0,43.0
210846442,12.694,0.019,12.048,0.027,11.84,0.02,16.86,8.126,0.042,2.736967,1.1038644,2.520979,0.8362806,0.374,0.0036,3313.0,42.0
211129571,15.306,0.049,14.612,0.052,14.227,0.073,nan,7.831,0.269,3.2984924,0.99468076,-0.1161348,0.84430265,0.1308,0.0056,nan,nan
210877423,9.44,0.021,9.074,0.021,8.967,0.018,10.93,5.936,0.046,0.9297962,2.79684,35.55219,173.14635,1.2051,0.0049,5107.0,79.0
211152884,13.563,0.023,12.942,0.029,12.682,0.031,18.91,7.342,0.119,3.2045927,1.2159388,5.284703,6.206822,0.2839,0.0062,2969.0,42.0
211062206,12.175,0.017,11.508,0.023,11.277,0.015,16.14,7.445,0.026,2.3377056,1.073541,1.9986484,0.50668347,0.4968,0.0028,3382.0,42.0
210882573,12.938,0.021,12.308,0.025,12.016,0.02,17.02,7.546,0.051,2.7979155,1.0911435,2.3573403,1.8310988,0.3716,0.0039,3342.0,43.0
211116507,11.374,0.016,10.711,0.023,10.547,0.014,13.875,7.165,0.017,1.7112875,0.9929499,-0.15694675,0.0,0.6267,0.0023,4113.0,76.0
210769047,13.764,0.024,13.104,0.024,12.891,0.024,18.49,6.727,0.074,3.0450058,1.0756081,1.9475348,1.4209368,0.2814,0.0044,3138.0,43.0
211007344,11.967,0.021,11.304,0.02,11.078,0.015,15.177,7.422,0.023,2.1178627,1.0797757,2.1234033,0.0,0.5306,0.0027,3688.0,43.0
211081949,11.913,0.017,11.177,0.018,11.011,0.018,nan,7.185,0.023,2.0517874,1.0593263,1.5818826,0.0,0.553,0.0031,nan,nan
211066413,13.53,0.018,12.864,0.019,12.638,0.024,nan,7.346,0.061,2.9411402,1.0415274,1.1041913,0.0,0.2896,0.004,nan,nan
210986927,11.574,0.021,10.921,0.025,10.723,0.02,14.278,4.137,0.098,1.7747593,4.948169,71.47532,267.08392,0.9885,0.0087,3962.0,76.0
210804191,12.916,0.021,12.282,0.025,12.008,0.02,nan,6.559,0.045,2.7303982,1.0247711,0.6725028,0.06894727,0.4215,0.0041,nan,nan
211065006,10.664,0.02,10.082,0.021,9.945,0.018,12.619,7.603,0.017,1.3529949,1.0650197,1.5638947,5.9137073,0.6973,0.0458,4600.0,78.0
211141632,12.549,0.018,11.823,0.019,11.608,0.016,19.9,6.299,0.037,2.3100262,1.1463574,3.61021,1.275589,0.502,0.0034,3012.0,43.0
210965709,13.324,0.018,12.649,0.024,12.34,0.021,nan,7.134,0.482,3.3494482,6.481953,104.69622,478.58063,0.3408,0.0221,nan,nan
211060969,13.503,0.023,12.916,0.024,12.633,0.021,nan,7.756,0.066,3.0123434,1.0044092,0.13927327,2.2092822e-15,0.2748,0.0036,nan,nan
211067702,10.454,0.02,9.965,0.019,9.861,0.013,12.028,7.284,0.019,1.1356583,1.0724282,1.8593953,13.239611,0.8424,0.0047,5009.0,78.0
210996915,11.428,0.023,10.773,0.025,10.642,0.02,13.848,6.308,0.073,1.609951,4.187224,61.600994,238.89793,0.6541,0.0048,4178.0,77.0
211000740,12.598,0.023,11.917,0.024,11.653,0.02,nan,7.431,0.043,2.6708174,1.0802506,2.0210302,0.7403773,0.4352,0.0039,nan,nan
211059949,11.693,0.021,10.928,0.021,10.767,0.018,14.682,7.175,0.022,1.9805269,1.0888538,2.2284322,0.0,0.5923,0.003,3778.0,76.0
211140995,12.733,0.022,12.108,0.021,11.816,0.021,nan,6.711,0.053,2.5566254,1.1028457,2.5294802,2.3952363,0.4448,0.0045,nan,nan
211147344,13.456,0.02,12.833,0.025,12.569,0.027,18.4,7.458,0.086,2.9940977,1.1269453,3.1489906,1.999913,0.2944,0.005,3075.0,42.0
210947280,14.884,0.034,14.253,0.041,13.9,0.053,nan,7.345,0.228,3.6547413,1.0322586,0.87767994,1.6341641,0.1601,0.0062,nan,nan
211057850,13.931,0.021,13.333,0.035,13.073,0.026,19.19,7.488,0.09,3.2179308,1.0579605,1.6594585,0.812331,0.2314,0.0041,2991.0,42.0
211065426,13.351,0.02,12.77,0.021,12.49,0.024,18.3,7.477,0.076,3.0067682,1.097115,2.3613815,2.1892512,0.3045,0.0045,3074.0,42.0
211006027,14.125,0.024,13.488,0.03,13.133,0.026,17.99,7.492,0.11,3.4309998,1.0469584,1.2718027,1.7189934,0.2248,0.0044,3418.0,43.0
210980418,14.009,0.024,13.381,0.028,13.004,0.026,nan,7.386,0.106,3.303854,1.076588,1.8462933,1.487415,0.2425,0.0047,nan,nan
211129321,12.434,0.017,11.697,0.017,11.458,0.02,nan,7.571,0.042,2.7314844,1.179775,4.649403,3.8382373,0.4608,0.0039,nan,nan
210967582,13.455,0.023,12.831,0.027,12.5,0.022,nan,7.0,0.097,3.373067,1.1927375,4.9380884,6.96391,0.3234,0.0054,nan,nan
211082429,13.753,0.023,13.144,0.027,12.835,0.026,nan,6.801,0.076,3.0548773,1.0107522,0.30805582,0.0,0.2857,0.0047,nan,nan
210791550,13.61,0.025,12.959,0.025,12.695,0.022,18.04,6.168,0.069,3.0025587,1.0412103,1.1827276,0.9335441,0.335,0.0048,3228.0,43.0
210974237,11.49,0.021,10.787,0.025,10.562,0.017,14.32,7.461,0.02,1.9050522,1.0315162,0.812305,0.0,0.611,0.0028,3877.0,76.0
210926194,13.544,0.023,12.953,0.025,12.624,0.022,18.39,7.922,0.088,3.2947426,0.9906438,-0.23040757,0.0,0.2701,0.0041,3103.0,43.0
211009416,10.95,0.021,10.269,0.024,10.13,0.015,nan,7.397,0.016,1.5298176,1.0108391,0.31846774,4.8041067,0.6788,0.0023,nan,nan
210892321,12.743,0.021,12.09,0.024,11.844,0.019,16.86,7.954,0.049,2.680128,1.0412925,1.0480009,0.43651903,0.3806,0.0037,3330.0,43.0
210932705,12.718,0.021,12.022,0.024,11.774,0.016,nan,6.614,0.037,2.5696373,1.0303763,0.8467043,0.80644345,0.457,0.0033,nan,nan
210887995,13.955,0.026,13.358,0.031,13.028,0.03,nan,7.001,0.104,3.2557192,1.0378132,0.9927892,1.5120684,0.2534,0.0053,nan,nan
210944157,13.773,0.025,13.192,0.027,12.912,0.024,nan,6.666,0.086,3.079074,1.0731882,1.9332894,2.4888353,0.2813,0.0048,nan,nan
210940839,13.427,0.025,12.824,0.025,12.521,0.023,17.88,7.864,0.062,3.016549,1.0220808,0.61674416,0.618418,0.2855,0.0038,3221.0,43.0
211127799,12.588,0.019,11.906,0.02,11.688,0.016,nan,6.45,0.066,2.6351852,1.6060144,14.9113655,20.573988,0.4803,0.0045,nan,nan
211029446,12.851,0.019,12.251,0.021,11.96,0.018,17.96,7.326,0.053,3.1084614,1.082603,2.1694207,2.6090355,0.3905,0.0038,3030.0,42.0
211030074,13.683,0.017,13.09,0.026,12.794,0.022,10.15,7.773,0.093,3.3524837,1.0454,1.1870704,2.222304,0.2542,0.0041,nan,nan
211013743,8.676,0.009,8.558,0.013,8.488,0.016,9.4,5.462,0.018,0.61884785,1.0765896,2.131124,12.33929,1.4816,0.0093,nan,nan
210833049,11.813,0.019,11.139,0.022,10.906,0.016,12.782,7.315,0.105,--,1.1605934,3.88783,19.68587,0.5636,0.0056,nan,nan
210949562,14.057,0.027,13.474,0.031,13.125,0.031,19.2,8.065,0.104,3.1966543,1.0223686,0.6058951,0.38822985,0.2091,0.0042,3021.0,43.0
211012609,12.964,0.021,12.244,0.02,12.033,0.019,nan,7.062,0.043,2.7876492,0.99686575,-0.06413764,2.0275377e-15,0.3916,0.0037,nan,nan
210912544,13.146,0.021,12.542,0.022,12.255,0.019,17.43,7.474,0.05,2.8763561,1.0060776,0.19511311,0.0,0.3384,0.0035,3275.0,43.0
210948982,13.112,0.019,12.524,0.027,12.237,0.018,17.96,8.004,0.059,2.9110298,1.1462913,3.790855,1.6461664,0.3193,0.0035,3102.0,42.0
211000887,14.96,0.035,14.271,0.037,13.869,0.043,nan,7.519,0.231,3.576971,0.98501277,-0.41788393,3.8833163,0.1586,0.0057,nan,nan
211110672,13.22,0.021,12.603,0.028,12.349,0.023,18.27,7.205,0.072,3.0205793,0.984884,-0.37207755,0.12808296,0.3363,0.0047,3046.0,42.0
211010517,13.665,0.022,13.05,0.026,12.785,0.023,nan,5.641,0.072,2.9071836,1.0681797,1.9307097,1.0927784,0.3505,0.0054,nan,nan
211033935,12.947,0.018,12.316,0.023,12.056,0.021,17.46,7.092,0.046,2.659916,1.053012,1.581487,0.8914546,0.3865,0.004,3202.0,42.0
211057712,13.109,0.018,12.516,0.027,12.198,0.021,18.7,--,--,3.2811823,nan,276.22284,5726.492807574131,nan,nan,2913.0,42.0
211046826,13.886,0.026,13.255,0.029,12.996,0.026,nan,7.86,0.079,3.0650396,1.0071335,0.24165414,0.50102854,0.2283,0.0037,nan,nan
210839388,11.756,0.018,11.09,0.022,10.862,0.018,15.136,7.899,0.059,2.237362,2.464495,35.310146,57.94597,0.5438,0.0039,3610.0,43.0
210941338,13.439,0.021,12.816,0.025,12.529,0.022,nan,7.308,0.075,3.0386314,0.9994528,0.006240144,0.0,0.306,0.0044,nan,nan
210957703,13.367,0.02,12.719,0.023,12.412,0.021,18.91,7.312,0.066,3.275464,1.0012954,0.060768295,0.751378,0.3224,0.0041,2923.0,42.0
210975876,13.437,0.024,12.771,0.022,12.526,0.022,nan,5.51,0.057,2.6827497,0.99704015,-0.057455126,0.0,0.399,0.005,nan,nan
210977069,13.092,0.018,12.453,0.022,12.123,0.018,nan,6.575,0.063,2.81888,0.982707,-0.38380656,0.0,0.402,0.0044,nan,nan
210973624,13.254,0.019,12.614,0.024,12.305,0.018,nan,5.841,0.227,3.359765,2.5691996,31.992996,68.44712,0.4141,0.014,nan,nan
210940618,11.761,0.017,11.035,0.021,10.833,0.018,nan,7.335,0.023,2.134594,1.1631474,3.8042386,2.0153723,0.5743,0.0031,nan,nan
210875952,12.801,0.018,12.078,0.022,11.849,0.023,nan,5.535,0.041,2.4762802,0.95218027,-0.94077295,0.0,0.5086,0.0046,nan,nan
211052320,11.808,0.02,11.115,0.028,10.924,0.022,15.001,6.97,0.02,2.0500717,1.0383452,1.017778,0.0,0.5775,0.0036,3696.0,43.0
